Year,State,City Or County,Latitude,Longitude
2014,Louisiana,New Orleans,29.95106579999999,-90.0715323
2014,California,Los Angeles,34.0522342,-118.2436849
2014,California,Sacramento,38.5815719,-121.4943996
2014,Illinois,East St. Louis,38.624514,-90.1506465
2014,Missouri,Saint Louis,38.6270025,-90.19940419999999
2014,Kentucky,Winchester,37.990079,-84.17965029999999
2014,Michigan,Detroit,42.331427,-83.0457538
2014,New York,Webster,43.2122851,-77.4299939
2014,Illinois,Chicago,41.8781136,-87.6297982
2014,Florida,Sarasota,27.3364347,-82.53065269999999
2014,Mississippi,Waynesboro,31.674883,-88.6461465
2014,Illinois,Calumet City,41.6155909,-87.5294871
2014,Illinois,Rockford,42.2711311,-89.0939952
2014,New Jersey,Elizabeth,40.6639916,-74.2107006
2014,Pennsylvania,Lansdale,40.2414952,-75.2837862
2014,Florida,Miami,25.7616798,-80.1917902
2014,Florida,Tampa,27.950575,-82.4571776
2014,Oregon,Portland,45.5154586,-122.6793461
2014,Indiana,South Bend,41.6763545,-86.25198979999999
2014,Missouri,Saint Louis,38.6270025,-90.19940419999999
2014,Virginia,Newport News,37.0870821,-76.4730122
2014,New York,Brooklyn,40.6781784,-73.9441579
2014,Tennessee,Chattanooga,35.0456297,-85.3096801
2014,New Jersey,Newark,40.735657,-74.1723667
2014,Georgia,Atlanta,33.7489954,-84.3879824
2014,Tennessee,Memphis,35.1495343,-90.0489801
2014,Texas,Georgetown,30.6332618,-97.6779842
2014,California,San Francisco,37.7749295,-122.4194155
2014,Virginia,Parksley,37.7820725,-75.6535401
2014,Colorado,Denver,39.7392358,-104.990251
2014,Ohio,Cleveland,41.49932,-81.6943605
2014,South Dakota,Sisseton,45.6646815,-97.0498046
2014,Ohio,Springfield,39.9242266,-83.8088171
2014,Pennsylvania,Pittsburgh,40.44062479999999,-79.9958864
2014,Illinois,Chicago,41.8781136,-87.6297982
2014,Nevada,North Las Vegas,36.1988592,-115.1175013
2014,Ohio,Akron,41.0814447,-81.51900529999999
2014,Texas,El Paso,31.7618778,-106.4850217
2014,Missouri,Springfield,37.2089572,-93.29229889999999
2014,Florida,Miami,25.7616798,-80.1917902
2014,California,Pomona,34.055103,-117.7499909
2014,California,Compton,33.8958492,-118.2200712
2014,California,Los Angeles,34.0522342,-118.2436849
2014,California,San Francisco,37.7749295,-122.4194155
2014,Tennessee,Memphis,35.1495343,-90.0489801
2014,Kentucky,Cadiz,36.8650496,-87.835295
2014,Washington,Marysville,48.0517637,-122.1770818
2014,New York,Queens,40.7282239,-73.7948516
2014,South Carolina,Graniteville,33.5633311,-81.80816220000001
2014,New York,Brooklyn,40.6781784,-73.9441579
2014,Michigan,Detroit,42.331427,-83.0457538
2014,Georgia,Peachtree Corners,33.9698809,-84.22147059999999
2014,Georgia,Atlanta,33.7489954,-84.3879824
2014,California,Stockton,37.9577016,-121.2907796
2014,Georgia,Atlanta,33.7489954,-84.3879824
2014,New York,Utica,43.100903,-75.232664
2014,Georgia,Atlanta,33.7489954,-84.3879824
2014,New York,Guilderland,42.7043568,-73.9116433
2014,Florida,Jacksonville,30.3321838,-81.65565099999999
2014,Michigan,Detroit,42.331427,-83.0457538
2014,Tennessee,Memphis,35.1495343,-90.0489801
2014,California,Pomona,34.055103,-117.7499909
2014,South Carolina,Walterboro,32.9051704,-80.6667688
2014,California,Fresno,36.7377981,-119.7871247
2014,Pennsylvania,Philadelphia,39.9525839,-75.1652215
2014,Florida,Miami,25.7616798,-80.1917902
2014,Missouri,Saint Louis,38.6270025,-90.19940419999999
2014,South Carolina,Darlington County,34.3649897,-80.0087746
2014,Ohio,East Liverpool,40.6186756,-80.5772928
2014,Mississippi,Batesville,34.3114982,-89.9442567
2014,New York,Queens,40.7282239,-73.7948516
2014,Florida,Bell,29.7555125,-82.8626239
2014,Louisiana,New Orleans,29.95106579999999,-90.0715323
2014,Texas,Flour Bluff,27.673923,-97.2788788
2014,Alaska,Anchorage,61.2180556,-149.9002778
2014,Michigan,Detroit,42.331427,-83.0457538
2014,Florida,Orlando,28.5383355,-81.3792365
2014,Georgia,Macon,32.8406946,-83.6324022
2014,Michigan,Flint,43.0125274,-83.6874562
2014,California,Los Angeles,34.0522342,-118.2436849
2014,California,Highland,34.1283442,-117.2086513
2014,Mississippi,Jackson,32.2987573,-90.1848103
2014,California,Livermore,37.6818745,-121.7680088
2014,Florida,Brooksville,28.5552719,-82.3878709
2014,Michigan,Detroit,42.331427,-83.0457538
2014,Illinois,Chicago,41.8781136,-87.6297982
2014,Georgia,Augusta,33.4734978,-82.0105148
2014,California,San Fernando,34.2819461,-118.4389719
2014,Tennessee,Memphis,35.1495343,-90.0489801
2014,Louisiana,Saint Martinville,30.1231441,-91.8294817
2014,New York,Queens,40.7282239,-73.7948516
2014,Massachusetts,Boston,42.3600825,-71.0588801
2014,California,East Palo Alto,37.4688273,-122.1410751
2014,Nevada,Las Vegas,36.1699412,-115.1398296
2014,New Jersey,Plainfield,40.6337136,-74.4073736
2014,Utah,Salt Lake City,40.7607793,-111.8910474
2014,Tennessee,Memphis,35.1495343,-90.0489801
2014,Tennessee,Clarksville,36.5297706,-87.3594528
2014,Louisiana,New Orleans,29.95106579999999,-90.0715323
2014,Georgia,Cartersville,34.1650972,-84.7999382
2014,New York,Buffalo,42.88644679999999,-78.8783689
2014,Louisiana,New Orleans,29.95106579999999,-90.0715323
2014,Georgia,Wrightsville,32.7293279,-82.719859
2014,California,Moreno Valley,33.9424658,-117.2296717
2014,District of Columbia,Washington,38.9071923,-77.0368707
2014,Minnesota,Minneapolis,44.977753,-93.2650108
2014,Wisconsin,Milwaukee,43.0389025,-87.9064736
2014,District of Columbia,Washington,38.9071923,-77.0368707
2014,New Mexico,Albuquerque,35.0843859,-106.650422
2014,California,Bakersfield,35.3732921,-119.0187125
2014,Georgia,Atlanta,33.7489954,-84.3879824
2014,Texas,Humble,29.99883119999999,-95.26215529999999
2014,Missouri,Saint Louis,38.6270025,-90.19940419999999
2014,Virginia,Culpeper,38.4729632,-77.9962512
2014,Tennessee,Columbia,35.6150716,-87.0352831
2014,Texas,Dallas,32.7766642,-96.79698789999999
2014,Massachusetts,New Bedford,41.6362152,-70.93420499999999
2014,Pennsylvania,Pittsburgh,40.44062479999999,-79.9958864
2014,Pennsylvania,Philadelphia,39.9525839,-75.1652215
2014,North Carolina,Hope Mills,34.9704419,-78.9453056
2014,Pennsylvania,Philadelphia,39.9525839,-75.1652215
2014,Missouri,Saint Louis,38.6270025,-90.19940419999999
2014,Arkansas,Pine Bluff,34.2284312,-92.00319549999999
2014,Maine,Saco,43.5009176,-70.4428286
2014,Georgia,Sylvester,31.5307349,-83.8354542
2014,Illinois,Chicago,41.8781136,-87.6297982
2014,Pennsylvania,Braddock,40.4034024,-79.8683824
2014,New Jersey,Irvington,40.7263249,-74.22864349999999
2014,Tennessee,Memphis,35.1495343,-90.0489801
2014,Illinois,East Saint Louis,38.624514,-90.1506465
2014,Nevada,Las Vegas,36.1699412,-115.1398296
2014,Illinois,Chicago,41.8781136,-87.6297982
2014,California,Sacramento,38.5815719,-121.4943996
2014,Washington,Skyway,47.4924182,-122.2391064
2014,Connecticut,Stamford,41.0534302,-73.5387341
2014,District of Columbia,Washington,38.9071923,-77.0368707
2014,California,Pasadena,34.1477849,-118.1445155
2014,Illinois,Chicago,41.8781136,-87.6297982
2014,Texas,Spring,30.0799405,-95.41716009999999
2014,Rhode Island,Providence,41.8239891,-71.4128343
2014,Kentucky,Stopover,37.5159411,-82.09124
2014,California,San Bernardino,34.1083449,-117.2897652
2014,Florida,Miami,25.7616798,-80.1917902
2014,Missouri,Saint Louis,38.6270025,-90.19940419999999
2014,New York,Buffalo,42.88644679999999,-78.8783689
2014,Texas,Houston,29.7604267,-95.3698028
2014,Virginia,Norfolk,36.8507689,-76.28587259999999
2014,Oregon,Portland,45.5154586,-122.6793461
2014,Indiana,Indianapolis,39.768403,-86.158068
2014,Illinois,Centreville,38.5833842,-90.125109
2014,Virginia,Norfolk,36.8507689,-76.28587259999999
2014,Pennsylvania,Chester,39.849557,-75.3557457
2014,Kentucky,Lexington,38.0405837,-84.5037164
2014,Louisiana,New Orleans,29.95106579999999,-90.0715323
2014,Missouri,Saint Louis,38.6270025,-90.19940419999999
2014,California,Los Angeles,34.0522342,-118.2436849
2014,California,Antioch,38.0049214,-121.805789
2014,New York,Manhattan,40.7830603,-73.9712488
2014,California,San Diego,32.715738,-117.1610838
2014,Wisconsin,Milwaukee,43.0389025,-87.9064736
2014,Michigan,Detroit,42.331427,-83.0457538
2014,Massachusetts,Lowell,42.6334247,-71.31617179999999
2014,Florida,Miami,25.7616798,-80.1917902
2014,California,Windsor,38.5471327,-122.8163802
2014,District of Columbia,Washington,38.9071923,-77.0368707
2014,Tennessee,Memphis,35.1495343,-90.0489801
2014,Maryland,Seat Pleasant,38.8962231,-76.9066399
2014,Indiana,Kokomo,40.486427,-86.13360329999999
2014,Illinois,Park Forest,41.4914236,-87.6744891
2014,California,Los Angeles,34.0522342,-118.2436849
2014,New Jersey,Paterson,40.9167654,-74.17181099999999
2014,Alabama,Opp,31.2826685,-86.2555067
2014,South Carolina,Moncks Corner,33.1960027,-80.01313739999999
2014,Michigan,Oak Park,42.4594803,-83.18270509999999
2014,Illinois,Chicago,41.8781136,-87.6297982
2014,Georgia,Atlanta,33.7489954,-84.3879824
2014,Illinois,Chicago,41.8781136,-87.6297982
2014,Illinois,Chicago,41.8781136,-87.6297982
2014,California,Sacramento,38.5815719,-121.4943996
2014,California,San Bernardino,34.1083449,-117.2897652
2014,Ohio,Toledo,41.6528052,-83.5378674
2014,Michigan,Detroit,42.331427,-83.0457538
2014,South Carolina,Myrtle Beach,33.6890603,-78.8866943
2014,California,Goleta (Isla Vista),34.4133292,-119.8609718
2014,Louisiana,New Orleans,29.95106579999999,-90.0715323
2014,California,Bellflower,33.8816818,-118.1170117
2014,Texas,Dallas,32.7766642,-96.79698789999999
2014,Ohio,Sandusky,41.4561754,-82.71168209999999
2014,California,Coachella,33.6803003,-116.173894
2014,District of Columbia,Washington,38.9071923,-77.0368707
2014,Georgia,Atlanta,33.7489954,-84.3879824
2014,Illinois,Chicago,41.8781136,-87.6297982
2014,California,Sacramento,38.5815719,-121.4943996
2014,Tennessee,Memphis,35.1495343,-90.0489801
2014,Georgia,Stone Mountain,33.8081608,-84.17019599999999
2014,California,Sacramento,38.5815719,-121.4943996
2014,Georgia,Decatur,33.7748275,-84.2963123
2014,Illinois,Chicago,41.8781136,-87.6297982
2014,Colorado,Wheat Ridge,39.766098,-105.0772063
2014,Arkansas,Jonesboro,35.84229670000001,-90.704279
2014,Illinois,Chicago,41.8781136,-87.6297982
2014,Georgia,Kennesaw,34.0234337,-84.6154897
2014,New York,Troy,42.7284117,-73.69178509999999
2014,Tennessee,Memphis,35.1495343,-90.0489801
2014,California,Los Angeles,34.0522342,-118.2436849
2014,Illinois,Montgomery,41.730585,-88.3459048
2014,Florida,Tampa,27.950575,-82.4571776
2014,Illinois,Chicago,41.8781136,-87.6297982
2014,District of Columbia,Washington,38.9071923,-77.0368707
2014,Louisiana,New Orleans,29.95106579999999,-90.0715323
2014,Indiana,Richmond,39.8289369,-84.8902382
2014,Tennessee,Lookout Valley,34.9942422,-85.3494027
2014,Illinois,Rockford,42.2711311,-89.0939952
2014,Louisiana,New Orleans,29.95106579999999,-90.0715323
2014,Massachusetts,Springfield,42.1014831,-72.589811
2014,Oklahoma,Oklahoma City,35.4675602,-97.5164276
2014,Illinois,Chicago,41.8781136,-87.6297982
2014,Arizona,Phoenix,33.4483771,-112.0740373
2014,California,Fairfield,38.24935809999999,-122.0399663
2014,Texas,Fort Hood,31.1950013,-97.7413143
2014,Mississippi,Starkville,33.4503998,-88.81838719999999
2014,North Carolina,Charlotte,35.2270869,-80.8431267
2014,Texas,Arlington,32.735687,-97.10806559999999
2014,California,Long Beach,33.7700504,-118.1937395
2014,California,San Francisco,37.7749295,-122.4194155
2014,South Carolina,North Charleston,32.8771106,-80.0130514
2014,Texas,Beaumont,30.080174,-94.1265562
2014,Georgia,Waynesboro,33.0898731,-82.0156736
2014,New York,Brooklyn,40.6781784,-73.9441579
2014,Ohio,Fremont,41.3503303,-83.1218634
2014,Texas,Austin,30.267153,-97.7430608
2014,Illinois,Chicago,41.8781136,-87.6297982
2014,California,Richmond,37.9357576,-122.3477486
2014,South Carolina,Pelzer,34.6423372,-82.4559598
2014,Pennsylvania,Pittsburgh,40.44062479999999,-79.9958864
2014,Michigan,Detroit,42.331427,-83.0457538
2014,Virginia,Glade Spring,36.791225,-81.7712324
2014,California,Wilmington,33.7857948,-118.2643567
2014,Indiana,Indianapolis,39.768403,-86.158068
2014,California,Alturas,41.4871146,-120.5424555
2014,Texas,Fort Worth,32.7554883,-97.3307658
2014,Florida,Orange County,28.4844995,-81.2518833
2014,Florida,Jacksonville,30.3321838,-81.65565099999999
2014,Texas,Dallas,32.7766642,-96.79698789999999
2014,Indiana,Fort Wayne,41.079273,-85.1393513
2014,Nevada,Las Vegas,36.1699412,-115.1398296
2014,Indiana,Gary,41.6020403,-87.3371523
2014,California,Oakland,37.8043637,-122.2711137
2014,California,Stockton,37.9577016,-121.2907796
2014,Florida,Miami,25.7616798,-80.1917902
2014,Louisiana,New Orleans,29.95106579999999,-90.0715323
2014,Illinois,Chicago,41.8781136,-87.6297982
2014,Indiana,Franklin,39.4806055,-86.0549863
2014,North Carolina,Rocky Mount,35.9382103,-77.7905339
2014,Washington,Seattle,47.6062095,-122.3320708
2014,Illinois,Chicago,41.8781136,-87.6297982
2014,Florida,Belle Glade,26.6845104,-80.6675577
2014,New Jersey,Newark,40.735657,-74.1723667
2014,Virginia,Manassas,38.7509488,-77.47526669999999
2014,Oklahoma,Ardmore,34.1742611,-97.14362539999999
2014,Utah,Spanish Fork,40.114955,-111.654923
2014,California,Los Angeles,34.0522342,-118.2436849
2014,Michigan,Detroit,42.331427,-83.0457538
2014,Louisiana,Tallulah,32.4084765,-91.1867771
2014,Alabama,Huntsville,34.7303688,-86.5861037
2014,Illinois,Elgin,42.0354084,-88.2825668
2014,New York,Queens,40.7282239,-73.7948516
2014,Virginia,Norfolk,36.8507689,-76.28587259999999
2015,Louisiana,New Orleans,29.95106579999999,-90.0715323
2015,Tennessee,Jackson,35.6145169,-88.81394689999999
2015,Pennsylvania,Philadelphia,39.9525839,-75.1652215
2015,Florida,Jacksonville,30.3321838,-81.65565099999999
2015,Alabama,Mobile,30.6953657,-88.0398912
2015,California,San Leandro,37.7249296,-122.1560768
2015,Florida,Golden Glades,25.9130411,-80.2117322
2015,North Carolina,Wilmington,34.2103894,-77.8868117
2015,Florida,Miami (Goulds),25.5626072,-80.3822765
2015,California,Los Angeles,34.0522342,-118.2436849
2015,California,Huntington Beach,33.6594835,-117.9988026
2015,Georgia,Savannah,32.0808989,-81.091203
2015,Illinois,Lovejoy (Brooklyn),38.6586617,-90.16594309999999
2015,Maryland,Baltimore,39.2903848,-76.6121893
2015,Pennsylvania,Pittsburgh (Mount Oliver),40.4114802,-79.98500899999999
2015,Ohio,Cincinnati (Fairmount),39.127837,-84.553555
2015,Louisiana,Raceland,29.7274331,-90.5989759
2015,Nebraska,Omaha,41.2565369,-95.9345034
2015,California,San Bernardino,34.1083449,-117.2897652
2015,Georgia,Savannah,32.0808989,-81.091203
2015,Illinois,Kankakee,41.1200325,-87.8611531
2015,Colorado,Colorado Springs,38.8338816,-104.8213634
2015,California,Sacramento,38.5815719,-121.4943996
2015,South Carolina,Horry (county),33.9196567,-78.9288242
2015,Ohio,Columbus,39.9611755,-82.99879419999999
2015,Minnesota,Minneapolis,44.977753,-93.2650108
2015,Texas,Brownsville,25.9017472,-97.4974838
2015,Washington,Seattle,47.6062095,-122.3320708
2015,New York,Newburgh,41.5034271,-74.0104178
2015,South Carolina,North Charleston,32.8771106,-80.0130514
2015,Illinois,Chicago,41.8781136,-87.6297982
2015,Louisiana,New Orleans,29.95106579999999,-90.0715323
2015,Maryland,Baltimore,39.2903848,-76.6121893
2015,Pennsylvania,Pittsburgh,40.44062479999999,-79.9958864
2015,California,Fresno,36.7377981,-119.7871247
2015,Alabama,Cedar Bluff,34.2200942,-85.6077402
2015,Texas,Tennessee Colony,31.8354447,-95.8388504
2015,Pennsylvania,Philadelphia,39.9525839,-75.1652215
2015,Pennsylvania,Johnstown,40.32674069999999,-78.9219698
2015,Florida,Jacksonville,30.3321838,-81.65565099999999
2015,Indiana,Indianapolis,39.768403,-86.158068
2015,Iowa,Des Moines,41.5868353,-93.6249593
2015,Michigan,Warren,42.5144566,-83.01465259999999
2015,Colorado,Denver,39.7392358,-104.990251
2015,California,Bakersfield,35.3732921,-119.0187125
2015,Florida,Jacksonville,30.3321838,-81.65565099999999
2015,South Carolina,Pendleton,34.6517733,-82.7837514
2015,Louisiana,Houma,29.5957696,-90.71953479999999
2015,Texas,Fort Worth,32.7554883,-97.3307658
2015,Indiana,Evansville,37.9715592,-87.5710898
2015,North Carolina,Four Oaks,35.4448836,-78.4269489
2015,Arizona,Phoenix,33.4483771,-112.0740373
2015,District of Columbia,Washington,38.9071923,-77.0368707
2015,South Carolina,Bamberg,33.2971012,-81.0348202
2015,Tennessee,Nashville,36.1626638,-86.7816016
2015,Illinois,Calumet City,41.6155909,-87.5294871
2015,Louisiana,New Orleans,29.95106579999999,-90.0715323
2015,Indiana,Elkhart,41.6819935,-85.9766671
2015,Florida,Fort Myers,26.640628,-81.8723084
2015,Georgia,Decatur,33.7748275,-84.2963123
2015,Tennessee,Memphis,35.1495343,-90.0489801
2015,North Carolina,Charlotte,35.2270869,-80.8431267
2015,Illinois,Peoria,40.6936488,-89.5889864
2015,Arizona,Flagstaff,35.1982836,-111.651302
2015,Maryland,Baltimore,39.2903848,-76.6121893
2015,Maryland,Baltimore,39.2903848,-76.6121893
2015,Oregon,Roseburg,43.216505,-123.3417381
2015,Ohio,Cincinnati (Evanston),39.1405079,-84.47239
2015,Illinois,Chicago,41.8781136,-87.6297982
2015,Illinois,Chicago,41.8781136,-87.6297982
2015,Ohio,Dayton,39.7589478,-84.1916069
2015,Georgia,Greenville,33.0287373,-84.7129848
2015,Illinois,Chicago,41.8781136,-87.6297982
2015,Missouri,Kansas City,39.0997265,-94.5785667
2015,Illinois,Danville,40.124481,-87.6300207
2015,Illinois,Chicago,41.8781136,-87.6297982
2015,Louisiana,Shreveport,32.5251516,-93.7501789
2015,Florida,Fort Myers,26.640628,-81.8723084
2015,Georgia,Norcross,33.9412127,-84.2135309
2015,Pennsylvania,Philadelphia,39.9525839,-75.1652215
2015,Illinois,Chicago,41.8781136,-87.6297982
2015,Oklahoma,Tulsa,36.1539816,-95.99277500000001
2015,Indiana,Indianapolis,39.768403,-86.158068
2015,South Dakota,Geddes,43.253604,-98.6953601
2015,Michigan,Albion,42.243097,-84.7530304
2015,New Jersey,Newark,40.735657,-74.1723667
2015,Florida,Ocala,29.1871986,-82.14009229999999
2015,Louisiana,Shreveport,32.5251516,-93.7501789
2015,New York,Rochester,43.15657789999999,-77.6088465
2015,Minnesota,Minneapolis,44.977753,-93.2650108
2015,Minnesota,Minneapolis,44.977753,-93.2650108
2015,North Carolina,Charlotte,35.2270869,-80.8431267
2015,Minnesota,Excelsior (Greenwood),44.9149631,-93.5532896
2015,Georgia,Berlin,31.06824409999999,-83.623778
2015,Illinois,Chicago,41.8781136,-87.6297982
2015,Indiana,Gary,41.6020403,-87.3371523
2015,Colorado,Denver,39.7392358,-104.990251
2015,North Carolina,Charlotte,35.2270869,-80.8431267
2015,Florida,Daytona Beach,29.2108147,-81.0228331
2015,Nevada,Las Vegas,36.1699412,-115.1398296
2015,Missouri,Columbia,38.9517053,-92.3340724
2015,Tennessee,Memphis,35.1495343,-90.0489801
2015,Tennessee,Bristol,36.5951059,-82.18874439999999
2015,Texas,Tyler,32.3512601,-95.30106239999999
2015,New York,Brooklyn,40.6781784,-73.9441579
2015,California,Salinas,36.6777372,-121.6555013
2015,Illinois,Chicago,41.8781136,-87.6297982
2015,Minnesota,Minneapolis (Brooklyn Center),45.076076,-93.3327283
2015,Florida,West Palm Beach,26.7153424,-80.0533746
2015,Louisiana,New Orleans,29.95106579999999,-90.0715323
2015,California,Modesto,37.63909719999999,-120.9968782
2015,Florida,Orlando (Pine Hills),28.5577794,-81.4534046
2015,New Mexico,Roswell,33.3942655,-104.5230242
2015,North Carolina,Durham,35.9940329,-78.898619
2015,Ohio,Cincinnati,39.1031182,-84.5120196
2015,Texas,Grulla (La Grulla),26.2695148,-98.64724559999999
2015,New York,Rochester,43.15657789999999,-77.6088465
2015,Texas,Fort Worth,32.7554883,-97.3307658
2015,Illinois,Chicago,41.8781136,-87.6297982
2015,South Carolina,Bennettsville,34.6173803,-79.68478139999999
2015,Pennsylvania,Pittsburgh,40.44062479999999,-79.9958864
2015,California,Los Angeles,34.0522342,-118.2436849
2015,South Carolina,Orangeburg,33.4918203,-80.8556476
2015,California,Long Beach,33.7700504,-118.1937395
2015,Mississippi,Forest,32.3645888,-89.47423479999999
2015,Michigan,Detroit,42.331427,-83.0457538
2015,Missouri,Kansas City,39.0997265,-94.5785667
2015,North Carolina,Gastonia,35.262082,-81.18730049999999
2015,Arkansas,Blytheville,35.9272953,-89.9189753
2015,Texas,Houston,29.7604267,-95.3698028
2015,Vermont,Barre (Berlin),44.1970055,-72.50204939999999
2015,South Carolina,Columbia,34.0007104,-81.0348144
2015,Missouri,Saint Louis,38.6270025,-90.19940419999999
2015,New York,Brooklyn,40.6781784,-73.9441579
2015,New York,Brooklyn,40.6781784,-73.9441579
2015,Maryland,Baltimore,39.2903848,-76.6121893
2015,Illinois,Chicago,41.8781136,-87.6297982
2015,Georgia,Savannah,32.0808989,-81.091203
2015,Illinois,Chicago,41.8781136,-87.6297982
2015,Florida,Orlando,28.5383355,-81.3792365
2015,Pennsylvania,Pittsburgh,40.44062479999999,-79.9958864
2015,Illinois,Rockford,42.2711311,-89.0939952
2015,Missouri,Kansas City,39.0997265,-94.5785667
2015,Louisiana,New Orleans,29.95106579999999,-90.0715323
2015,Virginia,Hopewell,37.3043154,-77.28720009999999
2015,Pennsylvania,Erie,42.12922409999999,-80.085059
2015,Louisiana,Lafayette,30.2240897,-92.0198427
2015,Missouri,Saint Louis,38.6270025,-90.19940419999999
2015,Georgia,Suwanee,34.0514898,-84.0712997
2015,Florida,Miami Gardens,25.9420377,-80.2456045
2015,New York,Bronx,40.8447819,-73.8648268
2015,Virginia,Suffolk,36.7282054,-76.5835621
2015,Kentucky,Louisville,38.2526647,-85.7584557
2015,North Carolina,Rocky Mount,35.9382103,-77.7905339
2015,California,San Diego,32.715738,-117.1610838
2015,California,Santa Paula,34.3541659,-119.0592705
2015,Oregon,Salem,44.9428975,-123.0350963
2015,Louisiana,Baton Rouge,30.4514677,-91.18714659999999
2015,Illinois,Chicago,41.8781136,-87.6297982
2015,Ohio,Cincinnati (Westwood),39.1486303,-84.5903367
2015,Tennessee,Chattanooga,35.0456297,-85.3096801
2015,Texas,Dallas,32.7766642,-96.79698789999999
2015,Georgia,Atlanta,33.7489954,-84.3879824
2015,Maryland,Baltimore,39.2903848,-76.6121893
2015,Ohio,Cleveland,41.49932,-81.6943605
2015,Michigan,Detroit,42.331427,-83.0457538
2015,South Carolina,Holly Hill,33.3226624,-80.41370370000001
2015,Missouri,Saint Louis,38.6270025,-90.19940419999999
2015,California,Norwalk,33.9022367,-118.081733
2015,California,Stockton,37.9577016,-121.2907796
2015,Illinois,River Forest,41.8939617,-87.81984779999999
2015,New Jersey,Jersey City,40.7177545,-74.0431435
2015,Ohio,Cleveland,41.49932,-81.6943605
2015,Maryland,Baltimore,39.2903848,-76.6121893
2015,Louisiana,Shreveport,32.5251516,-93.7501789
2015,Indiana,Fort Wayne,41.079273,-85.1393513
2015,New Jersey,East Orange,40.767323,-74.2048677
2015,District of Columbia,Washington,38.9071923,-77.0368707
2015,Kentucky,Louisville,38.2526647,-85.7584557
2015,Massachusetts,Pittsfield,42.4500845,-73.2453824
2015,New York,Syracuse,43.0481221,-76.14742439999999
2015,Texas,San Antonio,29.4241219,-98.49362819999999
2015,Indiana,Indianapolis,39.768403,-86.158068
2015,Florida,Opa Locka,25.9023168,-80.25032709999999
2015,Michigan,Detroit,42.331427,-83.0457538
2015,Illinois,Venice,38.6722727,-90.169832
2015,Delaware,Harrington,38.9237244,-75.5777033
2015,Massachusetts,Taunton,41.900101,-71.0897674
2015,Michigan,Detroit,42.331427,-83.0457538
2015,New York,New York (Manhattan),40.7830603,-73.9712488
2015,Pennsylvania,Philadelphia,39.9525839,-75.1652215
2015,Pennsylvania,Pittsburgh (Wilkinsburg),40.4417355,-79.8819942
2015,Kentucky,Lexington,38.0405837,-84.5037164
2015,North Carolina,Morven,34.8640437,-80.0011724
2015,Michigan,Detroit,42.331427,-83.0457538
2015,Pennsylvania,Philadelphia,39.9525839,-75.1652215
2015,Rhode Island,Woonsocket,42.00287609999999,-71.51478390000001
2015,South Carolina,Charleston,32.7764749,-79.93105120000001
2015,Florida,Miami Gardens,25.9420377,-80.2456045
2015,New York,Brooklyn,40.6781784,-73.9441579
2015,New Jersey,Camden,39.9259463,-75.1196199
2015,Oklahoma,Tulsa,36.1539816,-95.99277500000001
2015,Missouri,Saint Louis,38.6270025,-90.19940419999999
2015,Georgia,Fayetteville,33.4487257,-84.4549262
2015,Oklahoma,Oklahoma City,35.4675602,-97.5164276
2015,Georgia,Milledgeville,33.0801429,-83.2320991
2015,New York,Bronx,40.8447819,-73.8648268
2015,Ohio,Columbus,39.9611755,-82.99879419999999
2015,Florida,Allapattah,25.8003154,-80.22655449999999
2015,Connecticut,Bridgeport,41.1792258,-73.1894384
2015,Texas,Houston,29.7604267,-95.3698028
2015,California,Los Angeles,34.0522342,-118.2436849
2015,Missouri,Saint Louis,38.6270025,-90.19940419999999
2015,Montana,Deer Lodge,46.3990941,-112.7383721
2015,New York,Buffalo,42.88644679999999,-78.8783689
2015,Illinois,Chicago,41.8781136,-87.6297982
2015,Iowa,Davenport,41.5236437,-90.5776367
2015,Louisiana,New Orleans,29.95106579999999,-90.0715323
2015,New York,Wyandanch,40.7539878,-73.360398
2015,Ohio,Cleveland,41.49932,-81.6943605
2015,Maryland,Springdale,38.9376113,-76.8388602
2015,Connecticut,New Haven,41.308274,-72.9278835
2015,Georgia,Conyers,33.6676103,-84.01769039999999
2015,California,San Diego,32.715738,-117.1610838
2015,Nebraska,Omaha,41.2565369,-95.9345034
2015,Illinois,Chicago,41.8781136,-87.6297982
2015,Pennsylvania,Chester,39.849557,-75.3557457
2015,Louisiana,New Orleans,29.95106579999999,-90.0715323
2015,Illinois,Decatur,39.8403147,-88.9548001
2015,Massachusetts,Brockton,42.0834335,-71.0183787
2015,Michigan,Flint,43.0125274,-83.6874562
2015,Alabama,Montgomery,32.3792233,-86.3077368
2015,Missouri,Saint Louis,38.6270025,-90.19940419999999
2015,California,Fresno,36.7377981,-119.7871247
2015,Maryland,Baltimore,39.2903848,-76.6121893
2015,Missouri,Kinloch,38.7406065,-90.3253922
2015,Florida,Miami,25.7616798,-80.1917902
2015,Texas,Waco,31.549333,-97.1466695
2015,Wisconsin,Milwaukee,43.0389025,-87.9064736
2015,New York,Rochester,43.15657789999999,-77.6088465
2015,Maryland,Baltimore,39.2903848,-76.6121893
2015,Maryland,Capitol Heights,38.8851122,-76.9158068
2015,Arizona,Tucson,32.2226066,-110.9747108
2015,Ohio,Cleveland,41.49932,-81.6943605
2015,New Jersey,Jersey City,40.7177545,-74.0431435
2015,New Jersey,Newark,40.735657,-74.1723667
2015,Ohio,Cincinnati,39.1031182,-84.5120196
2015,Michigan,Detroit,42.331427,-83.0457538
2015,New York,Buffalo,42.88644679999999,-78.8783689
2015,Indiana,South Bend,41.6763545,-86.25198979999999
2015,Texas,Houston,29.7604267,-95.3698028
2015,New York,Bronx,40.8447819,-73.8648268
2015,Ohio,Dayton,39.7589478,-84.1916069
2015,Wisconsin,Menasha,44.2022084,-88.44649729999999
2015,Wisconsin,Milwaukee,43.0389025,-87.9064736
2015,New York,Brooklyn,40.6781784,-73.9441579
2015,Arizona,Gila Bend,32.9478236,-112.7168305
2015,New Jersey,Trenton,40.2205824,-74.759717
2015,New York,Gates,43.1480944,-77.7223162
2015,Texas,Killeen,31.1171194,-97.72779589999999
2015,Virginia,Richmond,37.5407246,-77.4360481
2015,Alabama,Montgomery,32.3792233,-86.3077368
2015,Pennsylvania,Williamsport,41.2411897,-77.00107860000001
2015,North Carolina,Lumberton,34.6182199,-79.0086424
2015,North Carolina,Charlotte,35.2270869,-80.8431267
2015,New Jersey,Paterson,40.9167654,-74.17181099999999
2015,Arizona,Phoenix,33.4483771,-112.0740373
2015,Georgia,Rome,34.257038,-85.1646726
2015,Pennsylvania,Pittsburgh,40.44062479999999,-79.9958864
2015,Kentucky,Louisville,38.2526647,-85.7584557
2015,Indiana,Indianapolis,39.768403,-86.158068
2015,Michigan,Benton Harbor,42.1167065,-86.45418939999999
2015,Florida,Daytona Beach,29.2108147,-81.0228331
2015,Maryland,Baltimore,39.2903848,-76.6121893
2015,Florida,Panama City Beach,30.1765914,-85.8054879
2015,Texas,Amarillo,35.2219971,-101.8312969
2015,Indiana,Indianapolis,39.768403,-86.158068
2015,Tennessee,Clarksville,36.5297706,-87.3594528
2015,New Mexico,Albuquerque,35.0843859,-106.650422
2015,Florida,Tampa,27.950575,-82.4571776
2015,Oklahoma,Oklahoma City,35.4675602,-97.5164276
2015,Texas,Lancaster,32.5920798,-96.7561082
2015,New Jersey,Newark,40.735657,-74.1723667
2015,Arizona,Mesa,33.4151843,-111.8314724
2015,California,Stockton,37.9577016,-121.2907796
2015,California,Compton,33.8958492,-118.2200712
2015,Georgia,Atlanta,33.7489954,-84.3879824
2015,California,Coachella,33.6803003,-116.173894
2015,Mississippi,Brookhaven,31.5790588,-90.4406506
2015,Georgia,Columbus,32.4609764,-84.9877094
2015,Illinois,Chicago,41.8781136,-87.6297982
2015,South Carolina,Seneca,34.6856555,-82.9532036
2015,Missouri,Saint Louis,38.6270025,-90.19940419999999
2015,California,San Bernardino,34.1083449,-117.2897652
2015,Florida,Orange County,28.4844995,-81.2518833
2015,Michigan,Detroit,42.331427,-83.0457538
2015,Maryland,Baltimore,39.2903848,-76.6121893
2015,Missouri,Tyrone,37.2003245,-91.8699049
2015,Texas,Houston,29.7604267,-95.3698028
2015,Florida,Daytona Beach,29.2108147,-81.0228331
2015,Texas,Killeen,31.1171194,-97.72779589999999
2015,Georgia,Clarkesville,34.6125971,-83.5248933
2015,South Carolina,Charleston,32.7764749,-79.93105120000001
2015,California,Sacramento,38.5815719,-121.4943996
2015,Arkansas,Little Rock,34.7464809,-92.28959479999999
2015,California,Long Beach,33.7700504,-118.1937395
2015,Florida,New Port Richey,28.2441768,-82.7192671
2015,Tennessee,Friendship,35.9089616,-89.2453474
2015,Georgia,Douglasville,33.7514966,-84.7477136
2015,Oklahoma,Tulsa,36.1539816,-95.99277500000001
2015,Ohio,Beachwood (Warrensville Heights),41.4323067,-81.5102655
2015,New York,Syracuse,43.0481221,-76.14742439999999
2015,New York,New York (Manhattan),40.7830603,-73.9712488
2015,Georgia,Lagrange,33.0362218,-85.0322444
2015,Georgia,Dekalb County,33.7956441,-84.2278796
2015,California,Stockton,37.9577016,-121.2907796
2015,New York,Arverne (Queens),40.592658,-73.7977928
2015,Nebraska,Omaha,41.2565369,-95.9345034
2015,Massachusetts,Boston,42.3600825,-71.0588801
2015,Tennessee,Clarksville,36.5297706,-87.3594528
2015,Texas,San Antonio,29.4241219,-98.49362819999999
2015,Illinois,Rockford,42.2711311,-89.0939952
2015,Virginia,Portsmouth,36.8354258,-76.2982742
2015,North Carolina,Hope Mills,34.9704419,-78.9453056
2015,Florida,Lakeland,28.0394654,-81.9498042
2015,California,San Jose,37.3382082,-121.8863286
2015,Kansas,Wichita,37.68717609999999,-97.33005299999999
2015,California,San Francisco,37.7749295,-122.4194155
2015,Massachusetts,Boston,42.3600825,-71.0588801
2015,Tennessee,Chattanooga,35.0456297,-85.3096801
2015,Florida,Miami,25.7616798,-80.1917902
2015,Virginia,Roanoke,37.2709704,-79.9414266
2015,Texas,Dallas,32.7766642,-96.79698789999999
2015,Georgia,Savannah,32.0808989,-81.091203
2015,Tennessee,Memphis,35.1495343,-90.0489801
2016,Georgia,Lenox (El Dorado),31.2715768,-83.4648845
2016,Texas,Houston,29.7604267,-95.3698028
2016,Ohio,Mansfield,40.75839,-82.5154471
2016,Connecticut,Wallingford,41.4570108,-72.8230736
2016,Georgia,Columbus,32.4609764,-84.9877094
2016,Illinois,Chicago,41.8781136,-87.6297982
2016,Alabama,Ozark,31.459017,-85.640289
2016,New York,Mount Vernon,40.9125992,-73.8370786
2016,North Carolina,Madison,36.385415,-79.959485
2016,North Carolina,Wilson,35.7212689,-77.9155395
2016,Alabama,Birmingham,33.5185892,-86.8103567
2016,Illinois,Chicago,41.8781136,-87.6297982
2016,Illinois,Chicago (Roseland),41.71083369999999,-87.62358329999999
2016,North Carolina,Charlotte,35.2270869,-80.8431267
2016,Illinois,Chicago,41.8781136,-87.6297982
2016,Illinois,Chicago,41.8781136,-87.6297982
2016,California,Sacramento,38.5815719,-121.4943996
2016,New York,Brooklyn,40.6781784,-73.9441579
2016,Florida,Orlando (Pine Hills),28.5577794,-81.4534046
2016,Maryland,Baltimore,39.2903848,-76.6121893
2016,North Carolina,Rocky Mount,35.9382103,-77.7905339
2016,Texas,Channelview,29.7760599,-95.11465330000001
2016,California,Fresno,36.7377981,-119.7871247
2016,New Mexico,Albuquerque,35.0843859,-106.650422
2016,California,Los Angeles,34.0522342,-118.2436849
2016,New Jersey,Bloomfield,40.8067546,-74.1854209
2016,California,Clearlake Oaks,39.0262841,-122.6719304
2016,Maryland,Baltimore,39.2903848,-76.6121893
2016,Texas,Mission (Palmview),26.233406,-98.3708503
2016,California,Wilmington,33.7857948,-118.2643567
2016,California,San Pedro,33.7360619,-118.2922461
2016,Louisiana,New Orleans,29.95106579999999,-90.0715323
2016,Missouri,Kansas City,39.0997265,-94.5785667
2016,Illinois,Chicago,41.8781136,-87.6297982
2016,Louisiana,New Orleans,29.95106579999999,-90.0715323
2016,Kentucky,Louisville,38.2526647,-85.7584557
2016,New York,Albany,42.6525793,-73.7562317
2016,Mississippi,Olive Branch,34.9617604,-89.8295315
2016,Florida,Clewiston,26.7542312,-80.93367529999999
2016,Illinois,Chicago,41.8781136,-87.6297982
2016,Tennessee,Dyersburg,36.0345159,-89.38562809999999
2016,Florida,Jacksonville,30.3321838,-81.65565099999999
2016,Texas,San Antonio,29.4241219,-98.49362819999999
2016,California,San Diego,32.715738,-117.1610838
2016,Florida,Orlando,28.5383355,-81.3792365
2016,California,Sacramento,38.5815719,-121.4943996
2016,Missouri,Kansas City,39.0997265,-94.5785667
2016,Connecticut,Bridgeport,41.1792258,-73.1894384
2016,Texas,Houston,29.7604267,-95.3698028
2016,Texas,Houston,29.7604267,-95.3698028
2016,Washington,Seattle,47.6062095,-122.3320708
2016,Illinois,Chicago,41.8781136,-87.6297982
2016,Tennessee,Memphis,35.1495343,-90.0489801
2016,Florida,Fort Lauderdale (Lauderhill),26.1403635,-80.2133808
2016,Texas,San Antonio,29.4241219,-98.49362819999999
2016,South Carolina,Myrtle Beach,33.6890603,-78.8866943
2016,California,Oakland,37.8043637,-122.2711137
2016,Illinois,Chicago,41.8781136,-87.6297982
2016,Pennsylvania,Philadelphia,39.9525839,-75.1652215
2016,Illinois,Chicago,41.8781136,-87.6297982
2016,New Jersey,Orange,40.7706187,-74.2326478
2016,Arkansas,Little Rock,34.7464809,-92.28959479999999
2016,Tennessee,Memphis,35.1495343,-90.0489801
2016,Louisiana,Shreveport,32.5251516,-93.7501789
2016,Ohio,Toledo,41.6528052,-83.5378674
2016,New York,New York (Manhattan),40.7830603,-73.9712488
2016,New York,Newburgh,41.5034271,-74.0104178
2016,Maryland,Capitol Heights,38.8851122,-76.9158068
2016,Texas,San Antonio,29.4241219,-98.49362819999999
2016,Ohio,Dayton,39.7589478,-84.1916069
2016,California,Los Angeles,34.0522342,-118.2436849
2016,California,Riverside,33.9806005,-117.3754942
2016,Mississippi,Jackson,32.2987573,-90.1848103
2016,Florida,Miami Gardens,25.9420377,-80.2456045
2016,Georgia,Jackson,33.2945651,-83.96602089999999
2016,Ohio,Dayton,39.7589478,-84.1916069
2016,Virginia,Roanoke,37.2709704,-79.9414266
2016,Oklahoma,Wellston,35.6942278,-97.063363
2016,California,Oakland,37.8043637,-122.2711137
2016,California,San Francisco,37.7749295,-122.4194155
2016,Illinois,Chicago (Englewood),41.775305,-87.6416419
2016,Alabama,Mobile,30.6953657,-88.0398912
2016,Illinois,Rockford,42.2711311,-89.0939952
2016,California,Los Angeles,34.0522342,-118.2436849
2016,Illinois,Chicago,41.8781136,-87.6297982
2016,Illinois,Chicago,41.8781136,-87.6297982
2016,Michigan,Grand Rapids,42.9633599,-85.6680863
2016,California,Sacramento,38.5815719,-121.4943996
2016,New York,Brooklyn,40.6781784,-73.9441579
2016,Louisiana,New Orleans,29.95106579999999,-90.0715323
2016,Minnesota,Minneapolis,44.977753,-93.2650108
2016,Texas,San Antonio,29.4241219,-98.49362819999999
2016,Illinois,Pembroke Township,41.0543785,-87.5791287
2016,California,Fresno,36.7377981,-119.7871247
2016,California,San Francisco,37.7749295,-122.4194155
2016,North Carolina,Winston Salem (Winston-salem),36.09985959999999,-80.244216
2016,Texas,Humble,29.99883119999999,-95.26215529999999
2016,Texas,Houston,29.7604267,-95.3698028
2016,Illinois,Champaign,40.1164204,-88.2433829
2016,Maryland,Baltimore,39.2903848,-76.6121893
2016,Washington,Burlington,48.4756621,-122.3254374
2016,Pennsylvania,Philadelphia,39.9525839,-75.1652215
2016,Pennsylvania,Pittsburgh,40.44062479999999,-79.9958864
2016,Virginia,Lynchburg,37.4137536,-79.14224639999999
2016,Florida,Miami,25.7616798,-80.1917902
2016,Florida,Orlando,28.5383355,-81.3792365
2016,Indiana,Indianapolis,39.768403,-86.158068
2016,District of Columbia,Washington,38.9071923,-77.0368707
2016,California,Los Angeles (Hollywood),34.0928092,-118.3286614
2016,Pennsylvania,Philadelphia,39.9525839,-75.1652215
2016,Texas,Humble,29.99883119999999,-95.26215529999999
2016,Indiana,Fort Wayne,41.079273,-85.1393513
2016,Indiana,Fort Wayne,41.079273,-85.1393513
2016,Louisiana,New Orleans,29.95106579999999,-90.0715323
2016,Missouri,Kansas City,39.0997265,-94.5785667
2016,Michigan,Saginaw,43.4194699,-83.9508068
2016,North Carolina,New Bern,35.108493,-77.04411429999999
2016,New Jersey,Jersey City,40.7177545,-74.0431435
2016,Florida,Miami,25.7616798,-80.1917902
2016,Texas,Del Valle,30.2091069,-97.6472349
2016,Arkansas,Hot Springs National Park (Hot Springs),34.5216915,-93.0423545
2016,Illinois,Chicago,41.8781136,-87.6297982
2016,Pennsylvania,Reading,40.3356483,-75.9268747
2016,Virginia,Roanoke,37.2709704,-79.9414266
2016,North Carolina,Wilmington,34.2103894,-77.8868117
2016,Illinois,Chicago,41.8781136,-87.6297982
2016,Georgia,Atlanta,33.7489954,-84.3879824
2016,Illinois,Chicago (Englewood),41.775305,-87.6416419
2016,New Jersey,Egg Harbor City,39.5287282,-74.64793639999999
2016,Texas,Lubbock,33.5778631,-101.8551665
2016,New York,Bronx,40.8447819,-73.8648268
2016,Missouri,Saint Louis,38.6270025,-90.19940419999999
2016,Alabama,Dadeville,32.831238,-85.76356919999999
2016,Alabama,Bessemer (Brighton),33.44230599999999,-86.93379709999999
2016,Florida,Miami,25.7616798,-80.1917902
2016,New Jersey,Bridgeton,39.427337,-75.2340768
2016,Massachusetts,Boston,42.3600825,-71.0588801
2016,Connecticut,Bridgeport,41.1792258,-73.1894384
2016,Connecticut,Hamden,41.3838782,-72.9026064
2016,Washington,Tacoma,47.2528768,-122.4442906
2016,Alabama,Citronelle,31.0907338,-88.2280622
2016,Connecticut,Waterbury,41.5581525,-73.0514965
2016,California,Oakland,37.8043637,-122.2711137
2016,Virginia,Norfolk,36.8507689,-76.28587259999999
2016,Minnesota,Minneapolis,44.977753,-93.2650108
2016,California,Los Angeles,34.0522342,-118.2436849
2016,Wisconsin,Milwaukee,43.0389025,-87.9064736
2016,New York,Richmond Hill,40.6958108,-73.8272029
2016,Missouri,Joplin,37.08422710000001,-94.51328099999999
2016,Florida,Jacksonville,30.3321838,-81.65565099999999
2016,Texas,Dallas,32.7766642,-96.79698789999999
2016,Pennsylvania,Philadelphia,39.9525839,-75.1652215
2016,Illinois,Evanston,42.0450722,-87.68769689999999
2016,California,Sacramento,38.5815719,-121.4943996
2016,Florida,Jacksonville,30.3321838,-81.65565099999999
2016,New Mexico,Albuquerque,35.0843859,-106.650422
2016,California,Los Angeles,34.0522342,-118.2436849
2016,Mississippi,Vicksburg,32.3526456,-90.877882
2016,Colorado,Arvada,39.8027644,-105.0874842
2016,Illinois,Chicago,41.8781136,-87.6297982
2016,Pennsylvania,Reading (Sinking Spring),40.3273146,-76.01104889999999
2016,Michigan,Pontiac,42.6389216,-83.29104679999999
2016,California,Perris,33.7825194,-117.2286478
2016,Tennessee,Memphis,35.1495343,-90.0489801
2016,Georgia,Decatur,33.7748275,-84.2963123
2016,Florida,Hollywood (West Park),25.9846068,-80.20255829999999
2016,Indiana,Evansville,37.9715592,-87.5710898
2016,Florida,Miami,25.7616798,-80.1917902
2016,Texas,Austin,30.267153,-97.7430608
2016,Missouri,Saint Louis,38.6270025,-90.19940419999999
2016,Washington,Mukilteo,47.9445396,-122.3045815
2016,Georgia,Townsend (Eulonia),31.5332762,-81.4270478
2016,Georgia,Athens,33.9519347,-83.357567
2016,New York,Elmira,42.0897965,-76.8077338
2016,Maryland,Baltimore,39.2903848,-76.6121893
2016,Illinois,Chicago,41.8781136,-87.6297982
2016,Florida,Fort Myers,26.640628,-81.8723084
2016,Ohio,Hamilton,39.3995008,-84.5613355
2016,South Carolina,North Charleston,32.8771106,-80.0130514
2016,Ohio,Cincinnati,39.1031182,-84.5120196
2016,New York,Brooklyn,40.6781784,-73.9441579
2016,Texas,Bastrop,30.1104947,-97.3152701
2016,Illinois,Kankakee,41.1200325,-87.8611531
2016,Illinois,Chicago,41.8781136,-87.6297982
2016,California,Fresno,36.7377981,-119.7871247
2016,Arkansas,West Memphis,35.1464797,-90.1845388
2016,Texas,Houston,29.7604267,-95.3698028
2016,Michigan,Detroit,42.331427,-83.0457538
2016,Louisiana,Baton Rouge,30.4514677,-91.18714659999999
2016,Texas,Dallas,32.7766642,-96.79698789999999
2016,Ohio,Cleveland,41.49932,-81.6943605
2016,California,San Bernardino,34.1083449,-117.2897652
2016,California,Bakersfield,35.3732921,-119.0187125
2016,Tennessee,Clarksville,36.5297706,-87.3594528
2016,Washington,Woodland,45.9045591,-122.7439912
2016,Texas,Crosby,29.9118885,-95.0621512
2016,California,Oakland,37.8043637,-122.2711137
2016,Ohio,Akron,41.0814447,-81.51900529999999
2016,Georgia,Warner Robins,32.6130007,-83.624201
2016,Missouri,Saint Louis,38.6270025,-90.19940419999999
2016,Maryland,Baltimore,39.2903848,-76.6121893
2016,Michigan,Jackson,42.245869,-84.40134619999999
2016,District of Columbia,Washington,38.9071923,-77.0368707
2016,Michigan,Saint Joseph,42.0938577,-86.4895463
2016,Louisiana,Baton Rouge,30.4514677,-91.18714659999999
2016,Texas,Dallas,32.7766642,-96.79698789999999
2016,Tennessee,Bristol,36.5951059,-82.18874439999999
2016,California,Los Angeles,34.0522342,-118.2436849
2016,New York,Brooklyn,40.6781784,-73.9441579
2016,Pennsylvania,Pittsburgh,40.44062479999999,-79.9958864
2016,Illinois,Chicago (Englewood),41.775305,-87.6416419
2016,Ohio,Cleveland,41.49932,-81.6943605
2016,Texas,Houston,29.7604267,-95.3698028
2016,Arizona,Phoenix,33.4483771,-112.0740373
2016,Louisiana,Monroe,32.5093109,-92.1193012
2016,Tennessee,Chattanooga,35.0456297,-85.3096801
2016,Illinois,Chicago,41.8781136,-87.6297982
2016,Nevada,Las Vegas,36.1699412,-115.1398296
2016,California,Los Angeles,34.0522342,-118.2436849
2016,Illinois,Chicago,41.8781136,-87.6297982
2016,Oregon,Woodburn,45.143731,-122.8553724
2016,South Carolina,Bennettsville,34.6173803,-79.68478139999999
2016,North Carolina,Charlotte,35.2270869,-80.8431267
2016,Georgia,Atlanta,33.7489954,-84.3879824
2016,Texas,Houston,29.7604267,-95.3698028
2016,Texas,Corpus Christi,27.8005828,-97.39638099999999
2016,Texas,Fort Worth,32.7554883,-97.3307658
2016,Virginia,Norfolk,36.8507689,-76.28587259999999
2016,Illinois,Chicago,41.8781136,-87.6297982
2016,Kansas,Kansas City,39.11553139999999,-94.62678729999999
2016,Connecticut,Hartford,41.7658043,-72.6733723
2016,Maryland,District Heights,38.8576128,-76.8894171
2016,Washington,Olympia,47.0378741,-122.9006951
2016,Georgia,Dekalb (county),33.7956441,-84.2278796
2016,Illinois,Chicago,41.8781136,-87.6297982
2016,New Jersey,Willingboro,40.028848,-74.89164579999999
2016,Kentucky,Louisville,38.2526647,-85.7584557
2016,Virginia,Roanoke,37.2709704,-79.9414266
2016,Virginia,Exmore,37.5318008,-75.82298589999999
2016,Georgia,Waycross,31.2135511,-82.3540178
2016,Illinois,Chicago,41.8781136,-87.6297982
2016,Delaware,Wilmington,39.744655,-75.5483909
2016,California,Oakland,37.8043637,-122.2711137
2016,California,Fresno,36.7377981,-119.7871247
2016,New York,Brooklyn,40.6781784,-73.9441579
2016,Illinois,Chicago,41.8781136,-87.6297982
2016,Florida,Orlando,28.5383355,-81.3792365
2016,New Mexico,Roswell,33.3942655,-104.5230242
2016,Minnesota,Webster,44.529686,-93.352723
2016,North Carolina,Charlotte,35.2270869,-80.8431267
2016,California,Stockton,37.9577016,-121.2907796
2016,California,Panorama City,34.227617,-118.442425
2016,Florida,Fort Walton Beach,30.42007079999999,-86.6170308
2016,District of Columbia,Washington,38.9071923,-77.0368707
2016,Massachusetts,Boston,42.3600825,-71.0588801
2016,California,Visalia,36.3302284,-119.2920585
2016,Minnesota,Minneapolis,44.977753,-93.2650108
2016,Florida,Cape Coral,26.5628537,-81.9495331
2016,Arizona,Phoenix,33.4483771,-112.0740373
2016,New York,Brooklyn,40.6781784,-73.9441579
2016,Colorado,Denver,39.7392358,-104.990251
2016,Illinois,Chicago,41.8781136,-87.6297982
2016,Indiana,Fort Wayne,41.079273,-85.1393513
2016,Maryland,Baltimore,39.2903848,-76.6121893
2016,California,Sacramento,38.5815719,-121.4943996
2016,Nevada,Las Vegas,36.1699412,-115.1398296
2016,New Jersey,Trenton,40.2205824,-74.759717
2016,Indiana,Indianapolis,39.768403,-86.158068
2016,Texas,Houston,29.7604267,-95.3698028
2016,New Jersey,Newark,40.735657,-74.1723667
2016,Louisiana,New Orleans,29.95106579999999,-90.0715323
2016,California,Stockton,37.9577016,-121.2907796
2016,Tennessee,Nashville,36.1626638,-86.7816016
2016,Georgia,Jackson,33.2945651,-83.96602089999999
2016,Indiana,Indianapolis,39.768403,-86.158068
2016,South Carolina,Ravenel,32.7632321,-80.2500986
2016,Indiana,Evansville,37.9715592,-87.5710898
2016,Georgia,Moultrie,31.1799407,-83.7888387
2016,Georgia,Atlanta,33.7489954,-84.3879824
2016,West Virginia,Charleston,38.3498195,-81.6326234
2016,Alabama,Birmingham,33.5185892,-86.8103567
2016,Illinois,Chicago,41.8781136,-87.6297982
2016,Texas,Austin,30.267153,-97.7430608
2016,Michigan,Detroit,42.331427,-83.0457538
2016,Alabama,Montgomery,32.3792233,-86.3077368
2016,Maryland,Bethesda,38.984652,-77.0947092
2016,Louisiana,Shreveport,32.5251516,-93.7501789
2016,Florida,Miami,25.7616798,-80.1917902
2016,Minnesota,Minneapolis,44.977753,-93.2650108
2016,Tennessee,Murfreesboro,35.8456213,-86.39027
2016,Missouri,Saint Louis (Ferguson),38.7442175,-90.3053915
2016,California,Oakland,37.8043637,-122.2711137
2016,Louisiana,Baton Rouge,30.4514677,-91.18714659999999
2016,Mississippi,Kilmichael,33.4434573,-89.57174309999999
2016,Maryland,District Heights (Forestville),38.8576128,-76.8894171
2016,Tennessee,Nashville,36.1626638,-86.7816016
2016,Florida,Miami,25.7616798,-80.1917902
2016,Virginia,Halifax,36.7659709,-78.92834409999999
2016,Illinois,Chicago (Englewood),41.775305,-87.6416419
2016,Colorado,Denver,39.7392358,-104.990251
2016,Nevada,Las Vegas,36.1699412,-115.1398296
2016,Alabama,Auburn,32.6098566,-85.48078249999999
2016,New York,New York (Manhattan),40.7830603,-73.9712488
2016,Kansas,Topeka,39.0473451,-95.67515759999999
2016,Ohio,Piketon,39.0681252,-83.01434429999999
2016,Georgia,Appling,33.54609000000001,-82.3163154
2016,Maryland,Baltimore,39.2903848,-76.6121893
2016,Alabama,Blountsville,34.0814863,-86.5911026
2016,Illinois,Chicago,41.8781136,-87.6297982
2016,Illinois,Chicago,41.8781136,-87.6297982
2016,California,Long Beach,33.7700504,-118.1937395
2016,Pennsylvania,Philadelphia,39.9525839,-75.1652215
2016,South Carolina,Pelzer,34.6423372,-82.4559598
2016,Texas,Edinburg,26.3017374,-98.1633432
2016,Michigan,Detroit,42.331427,-83.0457538
2016,Florida,Orlando,28.5383355,-81.3792365
2016,Alabama,Enterprise,31.3151708,-85.85521609999999
2016,Wisconsin,Milwaukee,43.0389025,-87.9064736
2016,California,Los Angeles,34.0522342,-118.2436849
2016,Tennessee,Memphis,35.1495343,-90.0489801
2016,Alabama,Anniston,33.6598257,-85.8316318
2016,New Mexico,Albuquerque,35.0843859,-106.650422
2016,Illinois,Chicago,41.8781136,-87.6297982
2016,Illinois,Chicago (Englewood),41.775305,-87.6416419
2016,Illinois,Chicago,41.8781136,-87.6297982
2016,Colorado,Denver,39.7392358,-104.990251
2016,Illinois,Chicago,41.8781136,-87.6297982
2016,Florida,Plantation,26.1275862,-80.23310359999999
2016,Alabama,Wetumpka,32.5437448,-86.2119127
2016,Georgia,Atlanta,33.7489954,-84.3879824
2016,Florida,Fort Myers,26.640628,-81.8723084
2016,Oregon,Portland,45.5154586,-122.6793461
2016,California,Oakland,37.8043637,-122.2711137
2016,Michigan,Detroit,42.331427,-83.0457538
2016,New Jersey,Trenton,40.2205824,-74.759717
2016,Pennsylvania,Pittsburgh,40.44062479999999,-79.9958864
2016,Texas,San Antonio,29.4241219,-98.49362819999999
2016,Louisiana,Lafayette,30.2240897,-92.0198427
2016,Kansas,Kansas City,39.11553139999999,-94.62678729999999
2016,Massachusetts,Chelsea,42.3917638,-71.0328284
2016,Georgia,Roswell,34.0232431,-84.3615555
2016,California,Compton,33.8958492,-118.2200712
2016,Kansas,Wichita,37.68717609999999,-97.33005299999999
2016,Ohio,Columbus,39.9611755,-82.99879419999999
2016,Michigan,Detroit,42.331427,-83.0457538
2016,California,Riverside (Jurupa Valley),33.9971974,-117.4854802
2016,Virginia,Woodbridge (Lake Ridge),38.68789400000001,-77.29776180000002
2016,Washington,Belfair,47.4514588,-122.826946
2016,Kansas,Hesston,38.1383437,-97.43142669999999
2016,Arizona,Glendale,33.5386523,-112.1859866
2016,Florida,Daytona Beach,29.2108147,-81.0228331
2016,Texas,Houston,29.7604267,-95.3698028
2016,Missouri,Hazelwood,38.7714396,-90.3709489
2016,Florida,Tampa,27.950575,-82.4571776
2016,Michigan,Kalamazoo,42.2917069,-85.5872286
2016,Alabama,Bessemer,33.4017766,-86.954437
2016,Florida,Orlando,28.5383355,-81.3792365
2016,Mississippi,Iuka,34.8117565,-88.19004149999999
2016,Missouri,Edgerton,39.5049976,-94.6332896
2016,California,Vallejo,38.1040864,-122.2566367
2016,Texas,Houston,29.7604267,-95.3698028
2016,Alabama,Eutaw (Union),32.840508,-87.8853838
2016,Louisiana,Marrero,29.8993723,-90.1003506
2016,Mississippi,Pass Christian,30.3157527,-89.2475429
2016,Florida,Orlando,28.5383355,-81.3792365
2016,New York,Rochester,43.15657789999999,-77.6088465
2016,Illinois,Chicago (Englewood),41.775305,-87.6416419
2016,California,Los Angeles,34.0522342,-118.2436849
2016,Florida,Apopka,28.6934076,-81.5322149
2016,Florida,Tampa,27.950575,-82.4571776
2016,District of Columbia,Washington,38.9071923,-77.0368707
2016,Arizona,Glendale,33.5386523,-112.1859866
2016,Virginia,Chesapeake,36.7682088,-76.2874927
2016,Washington,Seattle,47.6062095,-122.3320708
2016,California,Perris,33.7825194,-117.2286478
2016,California,Los Angeles,34.0522342,-118.2436849
2016,Virginia,Ware Neck (Gloucester Courthouse),37.4098631,-76.52661739999999
2016,Delaware,Wilmington,39.744655,-75.5483909
2016,District of Columbia,Washington,38.9071923,-77.0368707
2016,Illinois,Chicago,41.8781136,-87.6297982
2016,Tennessee,Memphis,35.1495343,-90.0489801
2016,Florida,Lakeland,28.0394654,-81.9498042
2017,Colorado,Littleton (Highlands Ranch),39.5480789,-104.9739333
2017,Illinois,Chicago,41.8781136,-87.6297982
2017,New Jersey,Long Branch,40.30427780000001,-73.9923596
2017,Nevada,Las Vegas,36.1699412,-115.1398296
2017,Florida,Miami,25.7616798,-80.1917902
2017,Mississippi,Vicksburg,32.3526456,-90.877882
2017,Alabama,Troy,31.8087678,-85.969951
2017,Louisiana,Eunice,30.4943669,-92.4176324
2017,Alabama,Birmingham,33.5185892,-86.8103567
2017,Louisiana,Lafayette,30.2240897,-92.0198427
2017,Pennsylvania,Philadelphia,39.9525839,-75.1652215
2017,Mississippi,Mc Cool (Mccool),33.2020707,-89.34507029999999
2017,California,Pacoima,34.2767691,-118.4104684
2017,Ohio,Columbus,39.9611755,-82.99879419999999
2017,Kentucky,Louisville,38.2526647,-85.7584557
2017,Texas,Garland,32.912624,-96.63888329999999
2017,Massachusetts,Boston,42.3600825,-71.0588801
2017,Illinois,Chicago,41.8781136,-87.6297982
2017,Pennsylvania,Pittsburgh,40.44062479999999,-79.9958864
2017,Tennessee,Memphis,35.1495343,-90.0489801
2017,Michigan,Detroit,42.331427,-83.0457538
2017,Michigan,Detroit,42.331427,-83.0457538
2017,Mississippi,Brookhaven,31.5790588,-90.4406506
2017,Ohio,Cleveland,41.49932,-81.6943605
2017,Minnesota,Minneapolis,44.977753,-93.2650108
2017,Louisiana,New Iberia,30.0035365,-91.81872849999999
2017,Georgia,Columbus,32.4609764,-84.9877094
2017,California,Corning,39.9276572,-122.1791556
2017,California,Richmond,37.9357576,-122.3477486
2017,Indiana,Gary,41.6020403,-87.3371523
2017,California,Fresno,36.7377981,-119.7871247
2017,Georgia,Atlanta,33.7489954,-84.3879824
2017,Texas,Dallas,32.7766642,-96.79698789999999
2017,Louisiana,New Orleans,29.95106579999999,-90.0715323
2017,North Carolina,Fayetteville,35.0526641,-78.87835849999999
2017,Ohio,Dayton (Trotwood),39.8201659,-84.274886
2017,Pennsylvania,Philadelphia,39.9525839,-75.1652215
2017,Texas,Sutherland Springs,29.2732957,-98.0566728
2017,Texas,Austin,30.267153,-97.7430608
2017,Ohio,Youngstown,41.0997803,-80.6495194
2017,California,Santa Monica,34.0194543,-118.4911912
2017,Minnesota,Minneapolis,44.977753,-93.2650108
2017,California,Gardena,33.8883487,-118.3089624
2017,New York,Buffalo,42.88644679999999,-78.8783689
2017,Louisiana,Lacombe,30.3135288,-89.9431264
2017,Texas,Austin,30.267153,-97.7430608
2017,Ohio,Toledo,41.6528052,-83.5378674
2017,Virginia,Petersburg,37.2279279,-77.40192669999999
2017,Kentucky,Louisville,38.2526647,-85.7584557
2017,California,San Francisco,37.7749295,-122.4194155
2017,California,Clearlake Oaks,39.0262841,-122.6719304
2017,Connecticut,Hartford,41.7658043,-72.6733723
2017,Alabama,Lanett,32.86873910000001,-85.1904971
2017,Florida,Jacksonville,30.3321838,-81.65565099999999
2017,Tennessee,Nashville,36.1626638,-86.7816016
2017,Pennsylvania,Chester,39.849557,-75.3557457
2017,Florida,Tampa,27.950575,-82.4571776
2017,Maryland,Edgewood,39.4187194,-76.2944016
2017,New York,Brooklyn,40.6781784,-73.9441579
2017,Mississippi,Meridian,32.3643098,-88.703656
2017,Texas,Houston,29.7604267,-95.3698028
2017,Arizona,Phoenix,33.4483771,-112.0740373
2017,California,Aliso Viejo,33.5684605,-117.7262981
2017,Ohio,Pedro,38.6303569,-82.6673852
2017,California,San Francisco,37.7749295,-122.4194155
2017,Texas,Houston,29.7604267,-95.3698028
2017,Arizona,Phoenix,33.4483771,-112.0740373
2017,Illinois,Chicago,41.8781136,-87.6297982
2017,Arizona,Casa Grande,32.9110027,-111.7733902
2017,Florida,Miami,25.7616798,-80.1917902
2017,Kansas,Lawrence,38.9716689,-95.2352501
2017,Nevada,Las Vegas,36.1699412,-115.1398296
2017,Tennessee,Memphis,35.1495343,-90.0489801
2017,Louisiana,New Orleans,29.95106579999999,-90.0715323
2017,Pennsylvania,Philadelphia,39.9525839,-75.1652215
2017,Tennessee,Memphis,35.1495343,-90.0489801
2017,Maryland,Baltimore,39.2903848,-76.6121893
2017,Maryland,Baltimore,39.2903848,-76.6121893
2017,Tennessee,Antioch,36.0597177,-86.6715948
2017,New York,Syracuse,43.0481221,-76.14742439999999
2017,New Jersey,Mays Landing,39.4523385,-74.7276626
2017,California,Bakersfield,35.3732921,-119.0187125
2017,Illinois,Danville,40.124481,-87.6300207
2017,Connecticut,Hartford,41.7658043,-72.6733723
2017,Indiana,Gary,41.6020403,-87.3371523
2017,Michigan,Detroit,42.331427,-83.0457538
2017,Virginia,Petersburg,37.2279279,-77.40192669999999
2017,South Carolina,Columbia,34.0007104,-81.0348144
2017,Tennessee,Memphis,35.1495343,-90.0489801
2017,Washington,Rockford,47.45212069999999,-117.1307471
2017,Pennsylvania,York,39.9625984,-76.727745
2017,Pennsylvania,Philadelphia,39.9525839,-75.1652215
2017,Louisiana,New Orleans,29.95106579999999,-90.0715323
2017,Texas,Plano,33.0198431,-96.6988856
2017,Alabama,Selma,32.4073589,-87.02110069999999
2017,Illinois,Chicago,41.8781136,-87.6297982
2017,Illinois,Bellwood,41.8814197,-87.883117
2017,California,Inglewood,33.9616801,-118.3531311
2017,Kentucky,Louisville,38.2526647,-85.7584557
2017,Illinois,Chicago,41.8781136,-87.6297982
2017,New Mexico,Clovis,34.4047987,-103.2052272
2017,California,Sacramento,38.5815719,-121.4943996
2017,Indiana,Evansville,37.9715592,-87.5710898
2017,Florida,Gainesville,29.6516344,-82.32482619999999
2017,Missouri,Saint Louis,38.6270025,-90.19940419999999
2017,Illinois,Chicago,41.8781136,-87.6297982
2017,New Jersey,Newark,40.735657,-74.1723667
2017,North Carolina,Whitakers,36.1054312,-77.71275349999999
2017,New Jersey,Newark,40.735657,-74.1723667
2017,Maryland,Baltimore,39.2903848,-76.6121893
2017,Tennessee,Memphis,35.1495343,-90.0489801
2017,New York,Brooklyn,40.6781784,-73.9441579
2017,Illinois,Chicago,41.8781136,-87.6297982
2017,Ohio,Cleveland,41.49932,-81.6943605
2017,New York,Wyandanch,40.7539878,-73.360398
2017,California,North Hollywood,34.187044,-118.3812562
2017,Pennsylvania,Philadelphia,39.9525839,-75.1652215
2017,California,Sacramento,38.5815719,-121.4943996
2017,Virginia,Suffolk,36.7282054,-76.5835621
2017,Missouri,Saint Louis,38.6270025,-90.19940419999999
2017,Illinois,Chicago,41.8781136,-87.6297982
2017,New York,Bronx,40.8447819,-73.8648268
2017,New York,Bronx,40.8447819,-73.8648268
2017,California,Oakland,37.8043637,-122.2711137
2017,New Jersey,Lakewood,40.08212899999999,-74.2097014
2017,South Carolina,Allendale,33.0079345,-81.3084405
2017,Florida,Tallahassee,30.4382559,-84.28073289999999
2017,Montana,Lodge Grass,45.3144117,-107.3631461
2017,District of Columbia,Washington,38.9071923,-77.0368707
2017,Maryland,Baltimore,39.2903848,-76.6121893
2017,Illinois,Chicago,41.8781136,-87.6297982
2017,Washington,Toppenish,46.3773509,-120.3086667
2017,California,Fresno,36.7377981,-119.7871247
2017,Illinois,Decatur,39.8403147,-88.9548001
2017,Virginia,Norfolk,36.8507689,-76.28587259999999
2017,Texas,El Paso,31.7618778,-106.4850217
2017,New York,Buffalo,42.88644679999999,-78.8783689
2017,North Carolina,Salisbury,35.6709727,-80.4742261
2017,Delaware,Wilmington,39.744655,-75.5483909
2017,Illinois,Chicago,41.8781136,-87.6297982
2017,North Carolina,High Point,35.9556923,-80.0053176
2017,Florida,Jacksonville,30.3321838,-81.65565099999999
2017,Illinois,Chicago,41.8781136,-87.6297982
2017,Louisiana,Baton Rouge,30.4514677,-91.18714659999999
2017,Ohio,Cincinnati,39.1031182,-84.5120196
2017,Virginia,Richmond,37.5407246,-77.4360481
2017,California,Los Angeles,34.0522342,-118.2436849
2017,Wisconsin,Milwaukee,43.0389025,-87.9064736
2017,New Jersey,Trenton,40.2205824,-74.759717
2017,Arizona,El Mirage,33.6130942,-112.3246042
2017,Pennsylvania,Philadelphia,39.9525839,-75.1652215
2017,Illinois,Chicago,41.8781136,-87.6297982
2017,Virginia,Lawrenceville,36.7576469,-77.84693740000002
2017,Illinois,Alton,38.8906038,-90.1842764
2017,Ohio,Cincinnati,39.1031182,-84.5120196
2017,Mississippi,Meridian,32.3643098,-88.703656
2017,Georgia,Savannah,32.0808989,-81.091203
2017,Illinois,Chicago (Roseland),41.71083369999999,-87.62358329999999
2017,Maine,Madison,44.7975466,-69.8797486
2017,Florida,Orlando (Pine Castle),28.4719489,-81.3678477
2017,Virginia,Hampton,37.0298687,-76.34522179999999
2017,North Carolina,Raleigh,35.7795897,-78.6381787
2017,Alabama,Prattville,32.4640245,-86.4596966
2017,Michigan,Pontiac,42.6389216,-83.29104679999999
2017,New Jersey,Jersey City,40.7177545,-74.0431435
2017,South Carolina,Greenwood,34.1954001,-82.1617883
2017,Illinois,Momence,41.1667001,-87.662815
2017,New Jersey,Newark,40.735657,-74.1723667
2017,California,Oakland,37.8043637,-122.2711137
2017,Arkansas,Little Rock,34.7464809,-92.28959479999999
2017,New York,Bronx,40.8447819,-73.8648268
2017,Illinois,Chicago,41.8781136,-87.6297982
2017,District of Columbia,Washington,38.9071923,-77.0368707
2017,Missouri,Saint Louis,38.6270025,-90.19940419999999
2017,Florida,Fort Lauderdale,26.1224386,-80.13731740000001
2017,New York,New York (Manhattan),40.7830603,-73.9712488
2017,New Jersey,Willingboro,40.028848,-74.89164579999999
2017,Georgia,Atlanta,33.7489954,-84.3879824
2017,Missouri,Saint Louis,38.6270025,-90.19940419999999
2017,District of Columbia,Washington,38.9071923,-77.0368707
2017,Illinois,Chicago,41.8781136,-87.6297982
2017,South Carolina,Myrtle Beach,33.6890603,-78.8866943
2017,Illinois,Chicago,41.8781136,-87.6297982
2017,Ohio,Columbus,39.9611755,-82.99879419999999
2017,Virginia,Richmond,37.5407246,-77.4360481
2017,New Mexico,La Madera,36.3865541,-106.0410372
2017,Virginia,Alexandria,38.8048355,-77.0469214
2017,Ohio,Canton,40.79894729999999,-81.378447
2017,California,San Francisco,37.7749295,-122.4194155
2017,Maryland,Baltimore,39.2903848,-76.6121893
2017,Maryland,Baltimore,39.2903848,-76.6121893
2017,Missouri,Saint Louis (University City),38.6787496,-90.32308069999999
2017,Illinois,Chicago,41.8781136,-87.6297982
2017,Tennessee,Chattanooga,35.0456297,-85.3096801
2017,Texas,Houston,29.7604267,-95.3698028
2017,Tennessee,Memphis,35.1495343,-90.0489801
2017,Texas,Fort Worth,32.7554883,-97.3307658
2017,Louisiana,New Orleans,29.95106579999999,-90.0715323
2017,Utah,Sandy,40.5649781,-111.8389726
2017,Florida,Orlando,28.5383355,-81.3792365
2017,Missouri,Saint Louis,38.6270025,-90.19940419999999
2017,Louisiana,New Orleans,29.95106579999999,-90.0715323
2017,California,Los Angeles,34.0522342,-118.2436849
2017,Texas,Laredo,27.5035613,-99.5075519
2017,Missouri,Saint Louis,38.6270025,-90.19940419999999
2017,Ohio,Middletown,39.5150576,-84.39827629999999
2017,Kentucky,Louisville,38.2526647,-85.7584557
2017,Alabama,Phenix City,32.4709761,-85.0007653
2017,New Jersey,Paterson,40.9167654,-74.17181099999999
2017,Mississippi,Moss Point,30.4115881,-88.53446009999999
2017,New York,New York (Manhattan),40.7830603,-73.9712488
2017,District of Columbia,Washington,38.9071923,-77.0368707
2017,Mississippi,Bogue Chitto,32.8433575,-88.92701819999999
2017,Florida,Miami,25.7616798,-80.1917902
2017,Iowa,Des Moines,41.5868353,-93.6249593
2017,Arizona,Mesa,33.4151843,-111.8314724
2017,Pennsylvania,Philadelphia,39.9525839,-75.1652215
2017,South Carolina,Ruffin,33.0046083,-80.81565599999999
2017,Arkansas,Jonesboro,35.84229670000001,-90.704279
2017,Illinois,Dolton,41.6389236,-87.60726799999999
2017,Florida,Avon Park,27.5958672,-81.5061862
2017,Texas,Fort Worth,32.7554883,-97.3307658
2017,New Jersey,Trenton,40.2205824,-74.759717
2017,Kansas,Kansas City,39.11553139999999,-94.62678729999999
2017,Illinois,Chicago,41.8781136,-87.6297982
2017,Michigan,Flint,43.0125274,-83.6874562
2017,Florida,Jacksonville,30.3321838,-81.65565099999999
2017,Texas,Dallas,32.7766642,-96.79698789999999
2017,California,San Diego,32.715738,-117.1610838
2017,Kansas,Topeka,39.0473451,-95.67515759999999
2017,Florida,Jacksonville,30.3321838,-81.65565099999999
2017,South Carolina,Loris,34.0562812,-78.89030439999999
2017,California,Los Angeles (Boyle Heights),34.0297895,-118.2117257
2017,California,Sacramento,38.5815719,-121.4943996
2017,California,Whittier,33.9791793,-118.032844
2017,Maryland,Germantown,39.1731621,-77.2716502
2017,California,Compton,33.8958492,-118.2200712
2017,Virginia,Virginia Beach,36.8529263,-75.97798499999999
2017,Pennsylvania,Chester,39.849557,-75.3557457
2017,New Jersey,Newark,40.735657,-74.1723667
2017,Florida,Miami,25.7616798,-80.1917902
2017,Florida,Palm Bay,28.0344621,-80.5886646
2017,Kentucky,Louisville,38.2526647,-85.7584557
2017,California,Vallejo,38.1040864,-122.2566367
2017,North Carolina,Elizabeth City,36.2946008,-76.2510461
2017,Ohio,Columbus,39.9611755,-82.99879419999999
2017,Illinois,Rock Falls,41.7797533,-89.68899669999999
2017,Pennsylvania,Philadelphia,39.9525839,-75.1652215
2017,Indiana,Indianapolis,39.768403,-86.158068
2017,Alabama,Birmingham,33.5185892,-86.8103567
2017,Illinois,Harvey,41.6100344,-87.6467131
2017,California,Banning,33.9255713,-116.8764103
2017,Georgia,Atlanta,33.7489954,-84.3879824
2017,Texas,San Antonio,29.4241219,-98.49362819999999
2017,Indiana,Fort Wayne,41.079273,-85.1393513
2017,North Carolina,Hickory,35.7344538,-81.3444573
2017,Texas,Houston,29.7604267,-95.3698028
2017,Minnesota,Saint Paul,44.9537029,-93.0899578
2017,Illinois,Chicago,41.8781136,-87.6297982
2017,Louisiana,Lake Charles,30.2265949,-93.2173758
2017,Pennsylvania,Philadelphia,39.9525839,-75.1652215
2017,Texas,Lubbock,33.5778631,-101.8551665
2017,Illinois,Chicago,41.8781136,-87.6297982
2017,Iowa,Des Moines,41.5868353,-93.6249593
2017,California,Pittsburg,38.0279762,-121.8846806
2017,Florida,Tampa,27.950575,-82.4571776
2017,Oklahoma,Oklahoma City,35.4675602,-97.5164276
2017,Illinois,Chicago,41.8781136,-87.6297982
2017,Florida,Sanford,28.8028612,-81.269453
2017,Ohio,Cleveland,41.49932,-81.6943605
2017,Texas,Houston,29.7604267,-95.3698028
2017,Ohio,Cincinnati,39.1031182,-84.5120196
2017,Tennessee,Knoxville,35.9606384,-83.9207392
2017,Michigan,Detroit,42.331427,-83.0457538
2017,Ohio,Cleveland,41.49932,-81.6943605
2017,California,Fresno,36.7377981,-119.7871247
2017,Missouri,Saint Louis,38.6270025,-90.19940419999999
2017,Wisconsin,Rothschild,44.8871907,-89.62012179999999
2017,Kentucky,Louisville,38.2526647,-85.7584557
2017,Michigan,Detroit,42.331427,-83.0457538
2017,Louisiana,Metairie,29.9840922,-90.1528519
2017,Illinois,Chicago,41.8781136,-87.6297982
2017,Louisiana,New Orleans (Gentilly),30.014503,-90.06066369999999
2017,Illinois,Chicago,41.8781136,-87.6297982
2017,Georgia,Columbus,32.4609764,-84.9877094
2017,Kansas,Topeka,39.0473451,-95.67515759999999
2017,California,Sacramento,38.5815719,-121.4943996
2017,Pennsylvania,Philadelphia,39.9525839,-75.1652215
2017,California,Riverside,33.9806005,-117.3754942
2017,Ohio,Cincinnati,39.1031182,-84.5120196
2017,Virginia,Newport News,37.0870821,-76.4730122
2017,Indiana,Gary,41.6020403,-87.3371523
2017,Ohio,Warren,41.2375569,-80.81841659999999
2017,Florida,Jacksonville,30.3321838,-81.65565099999999
2017,New York,Rochester,43.15657789999999,-77.6088465
2017,Ohio,Cleveland,41.49932,-81.6943605
2017,Mississippi,Toomsuba,32.4184448,-88.50698679999999
2017,Ohio,Cleveland,41.49932,-81.6943605
2017,Virginia,Norfolk,36.8507689,-76.28587259999999
2017,Pennsylvania,Philadelphia,39.9525839,-75.1652215
2017,Indiana,South Bend,41.6763545,-86.25198979999999
2017,California,Salinas,36.6777372,-121.6555013
2017,Illinois,Chicago,41.8781136,-87.6297982
2017,Missouri,Caruthersville,36.1931245,-89.6556353
2017,New York,Newburgh,41.5034271,-74.0104178
2017,Florida,Greenville,30.46937389999999,-83.6301544
2017,Illinois,Chicago,41.8781136,-87.6297982
2017,Tennessee,Savannah,35.2248034,-88.2492037
2017,Louisiana,New Orleans,29.95106579999999,-90.0715323
2017,Mississippi,Jackson,32.2987573,-90.1848103
2017,Ohio,Cleveland,41.49932,-81.6943605
2017,South Carolina,Columbia,34.0007104,-81.0348144
2017,Arkansas,Little Rock,34.7464809,-92.28959479999999
2017,Mississippi,Yazoo City,32.8551326,-90.4056468
2017,Tennessee,Memphis,35.1495343,-90.0489801
2017,District of Columbia,Washington,38.9071923,-77.0368707
2017,Minnesota,Minneapolis (Crystal),45.0327425,-93.3602286
2017,Louisiana,Shreveport,32.5251516,-93.7501789
2017,Washington,Bremerton,47.5650067,-122.6269768
2017,Tennessee,Brownsville,35.5939671,-89.26229099999999
2017,Georgia,Albany,31.5785074,-84.15574099999999
2017,Illinois,Chicago,41.8781136,-87.6297982
2017,Texas,Manvel,29.4627365,-95.35799399999999
2017,Illinois,Chicago (Englewood),41.775305,-87.6416419
2017,Georgia,Atlanta,33.7489954,-84.3879824
2017,Georgia,Jonesboro,33.5215013,-84.3538128
2017,Florida,Boynton Beach,26.5317866,-80.0905465
2017,Tennessee,Memphis,35.1495343,-90.0489801
2017,Mississippi,Como,34.5106609,-89.93981169999999
2017,California,Fresno,36.7377981,-119.7871247
2017,Texas,Houston,29.7604267,-95.3698028
2017,Florida,Miami,25.7616798,-80.1917902
2017,Colorado,Capulin,37.2834232,-106.1111988
2017,Mississippi,Magnolia,31.1432328,-90.4587081
2017,Missouri,Kansas City,39.0997265,-94.5785667
2017,California,Salinas,36.6777372,-121.6555013
2017,New Jersey,Newark,40.735657,-74.1723667
2017,Illinois,Chicago,41.8781136,-87.6297982
2017,Michigan,Flint,43.0125274,-83.6874562
2017,California,Pasadena,34.1477849,-118.1445155
2017,Florida,Fort Lauderdale,26.1224386,-80.13731740000001
2017,California,Fontana,34.0922335,-117.435048
2017,Texas,Allen,33.1031744,-96.67055030000002
2017,Mississippi,Winstonville,33.9101112,-90.75148809999999
2017,Texas,Dallas,32.7766642,-96.79698789999999
2017,Florida,Miami,25.7616798,-80.1917902
2018,Ohio,Cleveland,41.49932,-81.6943605
2018,Ohio,Lima,40.742551,-84.1052256
2018,Missouri,Saint Charles,38.7881062,-90.4974359
2018,Louisiana,Lutcher,30.0404796,-90.6989797
2018,Missouri,Springfield,37.2089572,-93.29229889999999
2018,Nevada,Las Vegas,36.1699412,-115.1398296
2018,Maryland,Baltimore,39.2903848,-76.6121893
2018,Florida,Miami,25.7616798,-80.1917902
2018,Colorado,Colorado Springs,38.8338816,-104.8213634
2018,Pennsylvania,Philadelphia,39.9525839,-75.1652215
2018,Louisiana,Natchitoches,31.7607195,-93.08627489999999
2018,North Carolina,Laurinburg,34.7740494,-79.46282479999999
2018,Wisconsin,Madison,43.0730517,-89.4012302
2018,California,Inglewood,33.9616801,-118.3531311
2018,New York,Corona (Queens),40.7449859,-73.8642613
2018,Florida,Miami,25.7616798,-80.1917902
2018,Tennessee,Powell,36.0318578,-84.027655
2018,Alabama,Demopolis,32.5176361,-87.83640199999999
2018,Texas,Houston,29.7604267,-95.3698028
2018,California,Oakland,37.8043637,-122.2711137
2018,Florida,Miami,25.7616798,-80.1917902
2018,Indiana,Fort Wayne,41.079273,-85.1393513
2018,Missouri,Saint Louis,38.6270025,-90.19940419999999
2018,Pennsylvania,Philadelphia,39.9525839,-75.1652215
2018,Colorado,Denver,39.7392358,-104.990251
2018,California,Los Angeles (Watts),33.9386361,-118.2380432
2018,Arkansas,Little Rock,34.7464809,-92.28959479999999
2018,Louisiana,Baton Rouge,30.4514677,-91.18714659999999
2018,New Mexico,Gallup,35.5280783,-108.7425843
2018,Indiana,Indianapolis,39.768403,-86.158068
2018,North Carolina,Dunn,35.3062743,-78.6089028
2018,Arizona,Globe,33.3942223,-110.7864984
2018,California,Thousand Oaks,34.1705609,-118.8375937
2018,New York,Watertown,43.9747838,-75.91075649999999
2018,California,Long Beach (North Long Beach),33.8641861,-118.177336
2018,Florida,Tallahassee,30.4382559,-84.28073289999999
2018,Minnesota,Minneapolis,44.977753,-93.2650108
2018,Missouri,Springfield,37.2089572,-93.29229889999999
2018,Michigan,Detroit,42.331427,-83.0457538
2018,California,Vallejo,38.1040864,-122.2566367
2018,California,Los Angeles,34.0522342,-118.2436849
2018,California,Riverside,33.9806005,-117.3754942
2018,Arkansas,El Dorado,33.20763,-92.6662674
2018,Tennessee,Memphis,35.1495343,-90.0489801
2018,Pennsylvania,Pittsburgh,40.44062479999999,-79.9958864
2018,New Jersey,Jersey City,40.7177545,-74.0431435
2018,Illinois,Chicago,41.8781136,-87.6297982
2018,Illinois,Chicago,41.8781136,-87.6297982
2018,Washington,Lakewood,47.1717649,-122.518458
2018,Florida,Jacksonville,30.3321838,-81.65565099999999
2018,Georgia,Atlanta,33.7489954,-84.3879824
2018,Tennessee,Columbia,35.6150716,-87.0352831
2018,Nevada,Las Vegas,36.1699412,-115.1398296
2018,Texas,Fort Worth,32.7554883,-97.3307658
2018,California,Palo Alto (East Palo Alto),37.4688273,-122.1410751
2018,Missouri,Saint Louis,38.6270025,-90.19940419999999
2018,Texas,Taft,27.9789074,-97.3986041
2018,South Carolina,Spartanburg,34.9495672,-81.9320482
2018,Nevada,Las Vegas,36.1699412,-115.1398296
2018,Alabama,Birmingham,33.5185892,-86.8103567
2018,Oklahoma,Tulsa,36.1539816,-95.99277500000001
2018,Texas,Houston,29.7604267,-95.3698028
2018,California,Oakland,37.8043637,-122.2711137
2018,New Mexico,Espanola (Espaola),35.9910383,-106.0818233
2018,Georgia,Swainsboro,32.5973856,-82.33373759999999
2018,Pennsylvania,Philadelphia,39.9525839,-75.1652215
2018,South Carolina,Florence,34.1954331,-79.7625625
2018,Illinois,Chicago,41.8781136,-87.6297982
2018,California,Compton,33.8958492,-118.2200712
2018,Florida,Orlando,28.5383355,-81.3792365
2018,Pennsylvania,Philadelphia,39.9525839,-75.1652215
2018,Tennessee,Memphis,35.1495343,-90.0489801
2018,California,Bakersfield,35.3732921,-119.0187125
2018,California,Baldwin Park,34.0852868,-117.9608978
2018,District of Columbia,Washington,38.9071923,-77.0368707
2018,New York,Hempstead,40.7062128,-73.6187397
2018,Maryland,Aberdeen,39.5095556,-76.16411970000001
2018,New York,Syracuse,43.0481221,-76.14742439999999
2018,Wisconsin,Middleton,43.09721740000001,-89.5042876
2018,Illinois,Chicago,41.8781136,-87.6297982
2018,Pennsylvania,Masontown,39.8467433,-79.89977549999999
2018,Louisiana,New Orleans (Algiers),29.9220105,-90.0139908
2018,Tennessee,Memphis,35.1495343,-90.0489801
2018,Maryland,Silver Spring,38.99066570000001,-77.026088
2018,Wisconsin,Milwaukee,43.0389025,-87.9064736
2018,California,Bakersfield,35.3732921,-119.0187125
2018,Illinois,Chicago,41.8781136,-87.6297982
2018,Tennessee,Memphis,35.1495343,-90.0489801
2018,Alabama,Auburn,32.6098566,-85.48078249999999
2018,Florida,Jacksonville,30.3321838,-81.65565099999999
2018,Illinois,Elgin,42.0354084,-88.2825668
2018,Minnesota,Minneapolis,44.977753,-93.2650108
2018,Ohio,Cincinnati,39.1031182,-84.5120196
2018,Georgia,Albany,31.5785074,-84.15574099999999
2018,Arkansas,Fort Smith,35.3859242,-94.39854749999999
2018,Texas,San Antonio,29.4241219,-98.49362819999999
2018,Alabama,Birmingham,33.5185892,-86.8103567
2018,New Jersey,Paterson,40.9167654,-74.17181099999999
2018,California,San Bernardino,34.1083449,-117.2897652
2018,New Jersey,Trenton,40.2205824,-74.759717
2018,Ohio,Cleveland,41.49932,-81.6943605
2018,Florida,Fort Lauderdale (Lauderhill),26.1403635,-80.2133808
2018,Colorado,Aurora,39.7294319,-104.8319195
2018,Arkansas,Pine Bluff,34.2284312,-92.00319549999999
2018,Florida,Jacksonville,30.3321838,-81.65565099999999
2018,Texas,Wichita Falls,33.9137085,-98.4933873
2018,Virginia,Richmond,37.5407246,-77.4360481
2018,Tennessee,Nashville,36.1626638,-86.7816016
2018,Pennsylvania,Philadelphia,39.9525839,-75.1652215
2018,Maryland,Baltimore,39.2903848,-76.6121893
2018,Missouri,Saint Louis,38.6270025,-90.19940419999999
2018,Tennessee,Memphis,35.1495343,-90.0489801
2018,Tennessee,Jackson,35.6145169,-88.81394689999999
2018,Ohio,Cleveland,41.49932,-81.6943605
2018,Illinois,Chicago,41.8781136,-87.6297982
2018,New York,Bronx,40.8447819,-73.8648268
2018,Illinois,Chicago,41.8781136,-87.6297982
2018,South Carolina,Greenwood,34.1954001,-82.1617883
2018,Pennsylvania,Wyncote,40.0945549,-75.1487863
2018,California,Clearlake,38.9582307,-122.6263728
2018,Pennsylvania,Pittsburgh (East Liberty),40.4643479,-79.926266
2018,Ohio,Columbus,39.9611755,-82.99879419999999
2018,California,San Francisco,37.7749295,-122.4194155
2018,Colorado,Thornton,39.8680412,-104.9719243
2018,Missouri,Saint Louis,38.6270025,-90.19940419999999
2018,Michigan,Detroit,42.331427,-83.0457538
2018,New Jersey,Paterson,40.9167654,-74.17181099999999
2018,Pennsylvania,Philadelphia,39.9525839,-75.1652215
2018,Illinois,Chicago,41.8781136,-87.6297982
2018,Illinois,Chicago,41.8781136,-87.6297982
2018,Illinois,Chicago,41.8781136,-87.6297982
2018,Illinois,Chicago,41.8781136,-87.6297982
2018,Illinois,Chicago,41.8781136,-87.6297982
2018,Missouri,Kansas City,39.0997265,-94.5785667
2018,Nevada,Las Vegas,36.1699412,-115.1398296
2018,Illinois,Chicago,41.8781136,-87.6297982
2018,Wisconsin,Milwaukee,43.0389025,-87.9064736
2018,California,Gardena,33.8883487,-118.3089624
2018,Georgia,Savannah,32.0808989,-81.091203
2018,Illinois,Chicago,41.8781136,-87.6297982
2018,Pennsylvania,York,39.9625984,-76.727745
2018,Arizona,Phoenix,33.4483771,-112.0740373
2018,Michigan,Lansing,42.732535,-84.5555347
2018,Louisiana,New Orleans,29.95106579999999,-90.0715323
2018,California,Los Angeles,34.0522342,-118.2436849
2018,Illinois,Chicago,41.8781136,-87.6297982
2018,Texas,Robstown,27.7903032,-97.6688843
2018,Ohio,Cleveland,41.49932,-81.6943605
2018,California,Oakland,37.8043637,-122.2711137
2018,Texas,Dallas,32.7766642,-96.79698789999999
2018,Louisiana,New Orleans,29.95106579999999,-90.0715323
2018,Illinois,Chicago,41.8781136,-87.6297982
2018,Maryland,Baltimore,39.2903848,-76.6121893
2018,Illinois,Chicago,41.8781136,-87.6297982
2018,Washington,Sunnyside,46.3237423,-120.0086538
2018,New Jersey,Elizabeth,40.6639916,-74.2107006
2018,Oklahoma,Oklahoma City,35.4675602,-97.5164276
2018,Florida,Palm Beach Gardens (Riviera Beach),26.7753405,-80.0580969
2018,Pennsylvania,Philadelphia,39.9525839,-75.1652215
2018,District of Columbia,Washington,38.9071923,-77.0368707
2018,Colorado,Denver,39.7392358,-104.990251
2018,Tennessee,Chattanooga,35.0456297,-85.3096801
2018,Maryland,Fort Washington,38.7073379,-77.0230313
2018,Virginia,Richmond,37.5407246,-77.4360481
2018,Tennessee,Memphis,35.1495343,-90.0489801
2018,Texas,Houston,29.7604267,-95.3698028
2018,Florida,Reddick,29.3666393,-82.1973184
2018,Delaware,Wilmington,39.744655,-75.5483909
2018,Florida,Orlando,28.5383355,-81.3792365
2018,Alabama,Brandon,34.7581567,-85.60421050000001
2018,Tennessee,Memphis,35.1495343,-90.0489801
2018,Alabama,Wetumpka,32.5437448,-86.2119127
2018,New York,Brooklyn,40.6781784,-73.9441579
2018,New York,Albany,42.6525793,-73.7562317
2018,California,Los Angeles,34.0522342,-118.2436849
2018,Virginia,Virginia Beach,36.8529263,-75.97798499999999
2018,Ohio,Lima,40.742551,-84.1052256
2018,Indiana,Gary,41.6020403,-87.3371523
2018,Georgia,Atlanta,33.7489954,-84.3879824
2018,Missouri,Saint Louis,38.6270025,-90.19940419999999
2018,District of Columbia,Washington,38.9071923,-77.0368707
2018,New York,Buffalo,42.88644679999999,-78.8783689
2018,Illinois,Chicago,41.8781136,-87.6297982
2018,Georgia,Ashburn,31.7060134,-83.653224
2018,Maryland,Baltimore,39.2903848,-76.6121893
2018,New Jersey,Jersey City,40.7177545,-74.0431435
2018,Maryland,Annapolis,38.9784453,-76.4921829
2018,California,Oakland,37.8043637,-122.2711137
2018,Texas,San Antonio,29.4241219,-98.49362819999999
2018,Connecticut,Hartford,41.7658043,-72.6733723
2018,Illinois,Chicago,41.8781136,-87.6297982
2018,North Carolina,Sanford,35.4798757,-79.1802994
2018,Florida,Punta Gorda,26.9297836,-82.0453664
2018,Florida,Indiantown,27.0272756,-80.4856083
2018,Florida,Palm Beach Gardens (Riviera Beach),26.7753405,-80.0580969
2018,Ohio,Sandusky,41.4561754,-82.71168209999999
2018,Indiana,Gary,41.6020403,-87.3371523
2018,Kansas,Wichita,37.68717609999999,-97.33005299999999
2018,Illinois,Chicago,41.8781136,-87.6297982
2018,Tennessee,Covington,35.5762326,-89.65340289999999
2018,Pennsylvania,Homestead (Munhall),40.4059025,-79.9119948
2018,California,San Bernardino,34.1083449,-117.2897652
2018,Louisiana,Morganza,30.738518,-91.5942819
2018,Illinois,Chicago,41.8781136,-87.6297982
2018,California,Modesto,37.63909719999999,-120.9968782
2018,Alabama,Huntsville,34.7303688,-86.5861037
2018,Illinois,Bloomington,40.4842027,-88.99368729999999
2018,Illinois,Chicago,41.8781136,-87.6297982
2018,North Carolina,Charlotte,35.2270869,-80.8431267
2018,New Jersey,Trenton,40.2205824,-74.759717
2018,Georgia,Macon,32.8406946,-83.6324022
2018,Illinois,Chicago,41.8781136,-87.6297982
2018,Pennsylvania,Philadelphia,39.9525839,-75.1652215
2018,California,Union City,37.5933918,-122.0438298
2018,California,Tracy,37.7396513,-121.4252227
2018,New York,Buffalo,42.88644679999999,-78.8783689
2018,Colorado,Westminster,39.8366528,-105.0372046
2018,New York,Bronx,40.8447819,-73.8648268
2018,Alabama,Montgomery,32.3792233,-86.3077368
2018,Florida,Orlando,28.5383355,-81.3792365
2018,Florida,Bradenton,27.4989278,-82.5748194
2018,California,Valley Village,34.1633045,-118.3841777
2018,Indiana,Indianapolis (Lawrence),39.8386516,-86.0252612
2018,Illinois,Aurora,41.7605849,-88.32007150000001
2018,Illinois,Bloomington,40.4842027,-88.99368729999999
2018,Illinois,Chicago,41.8781136,-87.6297982
2018,Massachusetts,Boston,42.3600825,-71.0588801
2018,North Carolina,Kannapolis,35.4873613,-80.6217341
2018,Pennsylvania,Philadelphia,39.9525839,-75.1652215
2018,Florida,Jacksonville,30.3321838,-81.65565099999999
2018,Texas,Dallas,32.7766642,-96.79698789999999
2018,Illinois,Chicago,41.8781136,-87.6297982
2018,Nebraska,Omaha,41.2565369,-95.9345034
2018,New York,Buffalo,42.88644679999999,-78.8783689
2018,South Carolina,Timmonsville,34.1348782,-79.93978849999999
2018,Louisiana,Shreveport,32.5251516,-93.7501789
2018,Colorado,Aurora,39.7294319,-104.8319195
2018,Ohio,Cincinnati,39.1031182,-84.5120196
2018,Indiana,Anderson,40.1053196,-85.6802541
2018,Mississippi,Hazlehurst,31.8604382,-90.39592549999999
2018,Texas,Santa Fe,29.3780129,-95.1057625
2018,Texas,Ponder,33.1828974,-97.2872402
2018,Maryland,Baltimore,39.2903848,-76.6121893
2018,California,Stockton,37.9577016,-121.2907796
2018,Mississippi,Byhalia,34.8723179,-89.6906396
2018,California,Los Angeles,34.0522342,-118.2436849
2018,Nebraska,Omaha,41.2565369,-95.9345034
2018,New Jersey,Paulsboro,39.830391,-75.2404607
2018,Missouri,Saint Louis,38.6270025,-90.19940419999999
2018,Oklahoma,Talihina,34.7514893,-95.04801619999999
2018,Nebraska,Omaha,41.2565369,-95.9345034
2018,Missouri,Saint Louis,38.6270025,-90.19940419999999
2018,California,San Diego,32.715738,-117.1610838
2018,Oklahoma,Stillwater,36.1156071,-97.0583681
2018,Tennessee,Memphis,35.1495343,-90.0489801
2018,Georgia,Columbus,32.4609764,-84.9877094
2018,North Carolina,Henderson,36.3295905,-78.3991638
2018,Illinois,Chicago Heights,41.506146,-87.6355995
2018,Illinois,Chicago,41.8781136,-87.6297982
2018,Minnesota,Minneapolis,44.977753,-93.2650108
2018,New York,Brooklyn,40.6781784,-73.9441579
2018,Louisiana,New Orleans,29.95106579999999,-90.0715323
2018,Florida,Pompano Beach,26.2378597,-80.1247667
2018,District of Columbia,Washington,38.9071923,-77.0368707
2018,Tennessee,Wartburg,36.1047979,-84.597162
2018,Washington,Seattle (Skyway),47.4924182,-122.2391064
2018,North Carolina,Monroe,34.9854275,-80.5495112
2018,Florida,West Palm Beach,26.7153424,-80.0533746
2018,North Carolina,Maxton,34.7351614,-79.3489317
2018,Arkansas,Pine Bluff,34.2284312,-92.00319549999999
2018,Missouri,Saint Louis,38.6270025,-90.19940419999999
2018,Michigan,Flint,43.0125274,-83.6874562
2018,Tennessee,Antioch,36.0597177,-86.6715948
2018,Louisiana,New Orleans,29.95106579999999,-90.0715323
2018,Pennsylvania,Philadelphia,39.9525839,-75.1652215
2018,California,San Francisco,37.7749295,-122.4194155
2018,North Carolina,Asheville,35.5950581,-82.5514869
2018,Louisiana,Shreveport,32.5251516,-93.7501789
2018,California,Vallejo,38.1040864,-122.2566367
2018,North Carolina,Hickory,35.7344538,-81.3444573
2018,Florida,Miami,25.7616798,-80.1917902
2018,Florida,Jacksonville,30.3321838,-81.65565099999999
2018,Virginia,Virginia Beach,36.8529263,-75.97798499999999
2018,Louisiana,New Orleans,29.95106579999999,-90.0715323
2018,Texas,Houston,29.7604267,-95.3698028
2018,Alabama,Mobile,30.6953657,-88.0398912
2018,Michigan,Saginaw,43.4194699,-83.9508068
2018,New Jersey,Asbury Park,40.2203907,-74.0120817
2018,Texas,Plano,33.0198431,-96.6988856
2018,New Jersey,Camden,39.9259463,-75.1196199
2018,Utah,Salt Lake City (West Valley City),40.6916132,-112.0010501
2018,California,San Francisco,37.7749295,-122.4194155
2018,Kentucky,Louisville,38.2526647,-85.7584557
2018,Illinois,Harvey,41.6100344,-87.6467131
2018,Florida,Macclenny,30.2821807,-82.12205689999999
2018,California,Modesto,37.63909719999999,-120.9968782
2018,Illinois,Champaign,40.1164204,-88.2433829
2018,Michigan,Saginaw,43.4194699,-83.9508068
2018,Indiana,South Bend,41.6763545,-86.25198979999999
2018,North Carolina,Wadesboro,34.9682097,-80.0767266
2018,Alabama,Hurtsboro,32.2418146,-85.4163327
2018,Illinois,Rockford,42.2711311,-89.0939952
2018,Florida,Miami,25.7616798,-80.1917902
2018,New York,Brooklyn,40.6781784,-73.9441579
2018,Connecticut,Bridgeport,41.1792258,-73.1894384
2018,Michigan,Detroit,42.331427,-83.0457538
2018,Florida,Palm Beach Gardens (Riviera Beach),26.7753405,-80.0580969
2018,Texas,San Antonio,29.4241219,-98.49362819999999
2018,Kansas,Kansas City,39.11553139999999,-94.62678729999999
2018,Tennessee,Memphis,35.1495343,-90.0489801
2018,Oklahoma,Oklahoma City,35.4675602,-97.5164276
2018,Florida,Pompano Beach (Parkland),26.3107774,-80.25322489999999
2018,Louisiana,New Orleans,29.95106579999999,-90.0715323
2018,Michigan,Detroit,42.331427,-83.0457538
2018,Kentucky,Paintsville,37.8145384,-82.8071054
2018,Florida,Lake Worth (Lantana),26.5867358,-80.05198589999999
2018,Colorado,Colorado Springs,38.8338816,-104.8213634
2018,Ohio,Cleveland (Garfield Heights),41.4169974,-81.6059581
2018,Missouri,Saint Louis,38.6270025,-90.19940419999999
2018,Pennsylvania,Melcroft,40.0520182,-79.38920159999999
2018,Pennsylvania,Reading,40.3356483,-75.9268747
2018,Indiana,Indianapolis,39.768403,-86.158068
2018,California,Los Angeles,34.0522342,-118.2436849
2018,Kentucky,Bowling Green,36.9685219,-86.4808043
2018,District of Columbia,Washington,38.9071923,-77.0368707
2018,Pennsylvania,Philadelphia,39.9525839,-75.1652215
2018,Kentucky,Benton,36.85727809999999,-88.350315
2018,Florida,Orlando,28.5383355,-81.3792365
2018,Illinois,Chicago,41.8781136,-87.6297982
2018,District of Columbia,Washington,38.9071923,-77.0368707
2018,Florida,Alachua,29.7938144,-82.49442260000001
2018,Alabama,Eutaw,32.8406848,-87.8875145
2018,Alabama,Madison,34.6992579,-86.74833180000002
2018,Tennessee,Nashville,36.1626638,-86.7816016
2018,Missouri,Saint Robert (St Robert),37.8280961,-92.17766639999999
2018,Alabama,Union Springs,32.144316,-85.7149495
2018,Florida,Plantation,26.1275862,-80.23310359999999
2018,Mississippi,Hattiesburg,31.3271189,-89.29033919999999
2018,Arkansas,Brinkley,34.8878719,-91.19456880000001
2018,Alabama,Huntsville,34.7303688,-86.5861037
